accession,decision,criterion_not_met
GSE3219,Excluded,Whole-transcriptome platform
GSE4441,Excluded,Whole-transcriptome platform
GSE6110,Excluded,IRI-associated injury and reference comparison
GSE6698,Excluded,IRI-associated injury and reference comparison
GSE6748,Excluded,Whole-transcriptome platform
GSE6749,Excluded,Whole-transcriptome platform
GSE7040,Excluded,Whole-transcriptome platform
GSE9943,"Eligible, not included",
GSE14373,"Eligible, not included",
GSE27274,Included in derivation,
GSE34351,Included in derivation,
GSE36671,Excluded,IRI-associated injury and reference comparison
GSE39548,Included in derivation,
GSE39766,Excluded,IRI-associated injury and reference comparison
GSE41137,Excluded,IRI-associated injury and reference comparison
GSE52004,"Eligible, not included",
GSE52982,Excluded,IRI-associated injury and reference comparison
GSE54417,Excluded,IRI-associated injury and reference comparison
GSE58438,Included in derivation,
GSE62732,Excluded,Kidney tissue profiling
GSE65656,Excluded,IRI-associated injury and reference comparison
GSE72646,Excluded,IRI-associated injury and reference comparison
GSE75808,Excluded,Kidney tissue profiling
GSE79418,Excluded,IRI-associated injury and reference comparison
GSE84563,Excluded,IRI-associated injury and reference comparison
GSE88925,Excluded,Kidney tissue profiling
GSE98622,Included in derivation,
GSE109719,Excluded,IRI-associated injury and reference comparison
GSE116094,Excluded,Kidney tissue profiling
GSE131288,"Eligible, not included",
GSE131454,"Eligible, not included",
GSE133184,Excluded,Kidney tissue profiling
GSE138995,Excluded,Kidney tissue profiling
GSE138996,Excluded,Kidney tissue profiling
GSE138997,Excluded,IRI-associated injury and reference comparison
GSE139318,Excluded,Kidney tissue profiling
GSE140010,Excluded,Kidney tissue profiling
GSE140988,Excluded,Kidney tissue profiling
GSE142077,"Eligible, not included",
GSE144622,Excluded,Kidney tissue profiling
GSE148420,Included in derivation,
GSE152972,"Eligible, not included",
GSE153321,Excluded,IRI-associated injury and reference comparison
GSE156516,Excluded,IRI-associated injury and reference comparison
GSE159701,Excluded,Kidney tissue profiling
GSE161758,Excluded,Kidney tissue profiling
GSE171406,Excluded,Kidney tissue profiling
GSE171639,Excluded,Kidney tissue profiling
GSE179506,Excluded,Kidney tissue profiling
GSE181842,"Eligible, not included",
GSE182793,"Eligible, not included",
GSE183448,Excluded,Kidney tissue profiling
GSE185383,"Eligible, not included",
GSE188628,Excluded,Kidney tissue profiling
GSE192532,"Eligible, not included",
GSE192576,Excluded,IRI-associated injury and reference comparison
GSE192883,"Eligible, not included",
GSE193649,Excluded,Kidney tissue profiling
GSE199875,Excluded,Kidney tissue profiling
GSE200717,Excluded,IRI-associated injury and reference comparison
GSE206091,Excluded,Kidney tissue profiling
GSE207430,"Eligible, not included",
GSE208526,Excluded,Kidney tissue profiling
GSE212273,Excluded,Kidney tissue profiling
GSE212678,"Eligible, not included",
GSE217103,Excluded,Kidney tissue profiling
GSE217696,Excluded,Kidney tissue profiling
GSE217751,Excluded,Kidney tissue profiling
GSE224295,Excluded,Kidney tissue profiling
GSE232751,"Eligible, not included",
GSE233511,Excluded,Kidney tissue profiling
GSE233512,Excluded,Kidney tissue profiling
GSE233513,Excluded,Kidney tissue profiling
GSE236019,Excluded,Whole-transcriptome platform
GSE239905,Excluded,Kidney tissue profiling
GSE244064,Excluded,Kidney tissue profiling
GSE247263,Excluded,Kidney tissue profiling
GSE249928,Excluded,Kidney tissue profiling
GSE250560,Excluded,IRI-associated injury and reference comparison
GSE252060,Excluded,IRI-associated injury and reference comparison
GSE252111,Excluded,Kidney tissue profiling
GSE252904,Excluded,Kidney tissue profiling
GSE253286,"Eligible, not included",
GSE259281,"Eligible, not included",
GSE260758,"Eligible, not included",
GSE260898,Excluded,Kidney tissue profiling
GSE263369,Excluded,Kidney tissue profiling
GSE264448,"Eligible, not included",
GSE267242,Excluded,Kidney tissue profiling
GSE267650,Reserved for external evaluation,
GSE272380,Excluded,Kidney tissue profiling
GSE274819,Excluded,Kidney tissue profiling
GSE274962,Excluded,Kidney tissue profiling
GSE282997,Excluded,Kidney tissue profiling
GSE283374,"Eligible, not included",
GSE286496,"Eligible, not included",
GSE286507,"Eligible, not included",
GSE287205,Excluded,Kidney tissue profiling
GSE293486,Excluded,IRI-associated injury and reference comparison
GSE294712,Excluded,Kidney tissue profiling
GSE294923,Excluded,Kidney tissue profiling
GSE294969,"Eligible, not included",
GSE297154,"Eligible, not included",
GSE298223,Excluded,Kidney tissue profiling
GSE298469,"Eligible, not included",
GSE299312,Excluded,Kidney tissue profiling
GSE299314,Excluded,Kidney tissue profiling
GSE299409,Excluded,Kidney tissue profiling
GSE301865,Excluded,IRI-associated injury and reference comparison
GSE302105,Excluded,IRI-associated injury and reference comparison
GSE302163,Excluded,IRI-associated injury and reference comparison
GSE302256,Excluded,Kidney tissue profiling
GSE304219,Excluded,IRI-associated injury and reference comparison
GSE304245,Excluded,Kidney tissue profiling
GSE305908,Excluded,Kidney tissue profiling
GSE306859,Excluded,Kidney tissue profiling
GSE309904,Excluded,IRI-associated injury and reference comparison
GSE310601,Excluded,Kidney tissue profiling
GSE329114,"Eligible, not included",
GSE334847,"Eligible, not included",
GSE334849,Excluded,IRI-associated injury and reference comparison
GSE343974,Excluded,IRI-associated injury and reference comparison
