"accession","title","organism","n_samples","gds_type","in_corpus","held_out"
"GSE109719","Kinetic of gene expression signatures on ischemia porcine kidney","Sus scrofa","40","Expression profiling by array",FALSE,FALSE
"GSE116094","Kidney-resident macrophages promote a proangiogenic environment in the normal and chronically ischemic mouse kidney","Mus musculus","21","Expression profiling by high throughput sequencing",FALSE,FALSE
"GSE131288","Renal ischemia reperfusion in conditional HDAC2 knockout mice","Mus musculus","12","Expression profiling by array",FALSE,FALSE
"GSE131454","Identification of LncRNAs and mRNAs involved in renal ishchemia reperfusion injury","Mus musculus","6","Expression profiling by array; Non-coding RNA profiling by array",FALSE,FALSE
"GSE133184","Cell-Specific Image-guided Transcriptomics of Ischemic Acute Kidney Injury","Mus musculus","8","Expression profiling by high throughput sequencing",FALSE,FALSE
"GSE138995","Expression data from livers of male wild-type mice subjected to warm bilateral renal artery ischemia-reperfusion injury (RIR) in comparison to livers of male wild type mice subjected to sham surgery.","Mus musculus","2","Expression profiling by array",FALSE,FALSE
"GSE138996","Expression data from livers of female wild-type mice subjected to warm bilateral renal artery ischemia-reperfusion injury (RIR) in comparison to livers of female wild type mice subjected to sham surgery.","Mus musculus","2","Expression profiling by array",FALSE,FALSE
"GSE138997","Expression data from kidneys of male EST KO mice in comparison to kidneys of male wild type mice subjected to warm bilateral renal artery ischemia-reperfusion injury","Mus musculus","2","Expression profiling by array",FALSE,FALSE
"GSE139318","Autologous adipose-derived cells transiently moderate inflammation and fibrogenesis in early renal ischemia reperfusion injury","Rattus norvegicus","1","Expression profiling by high throughput sequencing",FALSE,FALSE
"GSE140010","The effect of age on interstitial cells following renal ischemia reperfusion injury","Mus musculus","1","Expression profiling by high throughput sequencing",FALSE,FALSE
"GSE140988","Epigenetic changes of pericytes after ischemia-reperfusion renal injury","Mus musculus","15","Expression profiling by array",FALSE,FALSE
"GSE142077","RNA-Seq identifies condition-specific biological signatures of ischemia-reperfusion injury in the human kidney","Homo sapiens","15","Expression profiling by high throughput sequencing",FALSE,FALSE
"GSE14373","Ischemia reperfusion injury (IRI) in organ transplantation and the effects of carbon monoxide treatment","Sus scrofa","18","Expression profiling by array",FALSE,FALSE
"GSE144622","Sex Diversity in Proximal Tubule and Endothelial Gene Expression in Mice with Ischemic Acute Kidney Injury","Mus musculus","24","Expression profiling by high throughput sequencing",FALSE,FALSE
"GSE148420","Immunohistochemical Investigation for Renal Tubules in Adaptive and Maladaptive Repair Process after Renal Tubular Injury in the Kidney of Rats","Rattus norvegicus","12","Expression profiling by array",TRUE,FALSE
"GSE152972","Blockade of the G-CSFR or C5 in a murine model of unilateral warm renal ischemia-reperfusion injury (IRI).","Mus musculus","12","Expression profiling by high throughput sequencing",FALSE,FALSE
"GSE153321","Expression data of kidneys from Wild-type (WT) or Mincle-deficient (KO) mouse subjected to renal ischemia-reperfusion injury.","Mus musculus","6","Expression profiling by array",FALSE,FALSE
"GSE156516","Transcriptional signature of hypoxic preconditioning in a mouse model of ischemic acute kidney injury","Mus musculus","8","Expression profiling by high throughput sequencing",FALSE,FALSE
"GSE159701","MiRNA-486-5p Protects Against Kidney Ischemic Injury and Modifies the Transcriptome in Proximal Tubule and Endothelium","Mus musculus","28","Expression profiling by high throughput sequencing",FALSE,FALSE
"GSE161758","Single cell RNA-seq analyses of kidney repair and how maladaptive repair leads to kidney atrophy following ischemia/reperfusion injury","Mus musculus","2","Expression profiling by high throughput sequencing",FALSE,FALSE
"GSE171406","Integration of spatial and single cell transcriptomics localizes epithelial-immune cross-talk in kidney injury","Homo sapiens; Mus musculus","4","Expression profiling by high throughput sequencing",FALSE,FALSE
"GSE171639","Single cell RNASeq of whole mouse kidneys from Uromodulin/Tamm horsfall protein knock-out mice","Mus musculus","3","Expression profiling by high throughput sequencing",FALSE,FALSE
"GSE179506","High-throughput Sequencing contributes to Quantitative Analysis of Renal Ischemic-Reperfusion-Injury Transcriptomes","Mus musculus","9","Expression profiling by high throughput sequencing",FALSE,FALSE
"GSE181842","ACSL4 effect on renal ischemia-reperfusion (I/R) injury","Mus musculus","9","Expression profiling by high throughput sequencing",FALSE,FALSE
"GSE182793","Next Generation Sequencing of kidneys 24hours after ischemia-reperfusion injury performed in conscious mice or under anesthesia","Mus musculus","12","Expression profiling by high throughput sequencing",FALSE,FALSE
"GSE183448","Cellular Recovery After Prolonged Warm Ischemia of the Whole Body","Sus scrofa","60","Expression profiling by high throughput sequencing",FALSE,FALSE
"GSE185383","Angiopoietin-Tie2 signaling protects the kidney from ischemia-reperfusion injury in mice","Mus musculus","14","Expression profiling by high throughput sequencing",FALSE,FALSE
"GSE188628","Glutamine attenuates renal ischemia-reperfusion injury and prevents acute kidney damage","Mus musculus","12","Expression profiling by high throughput sequencing",FALSE,FALSE
"GSE192532","Development of gene expression signatures for mice with renal ischemia repurfusion injury.","Mus musculus","12","Expression profiling by array",FALSE,FALSE
"GSE192576","Ischemia-reperfusion injury and immunosuppressants promote polyomavirus replication through common molecular mechanisms","Mus musculus","20","Expression profiling by high throughput sequencing",FALSE,FALSE
"GSE192883","No safe renal warm ischemia time-The molecular network characteristics and pathological features of mild to severe ischemia reperfusion kidney injury","Mus musculus","27","Expression profiling by high throughput sequencing",FALSE,FALSE
"GSE193649","Single-Cell versus Single-Nucleus: Transcriptome differences in murine kidney after ischemia-reperfusion injury","Mus musculus","6","Expression profiling by high throughput sequencing",FALSE,FALSE
"GSE199875","Hypoxia-inducible factor 2α attenuates renal ischemia-reperfusion injury by suppressing CD36-mediated lipid accumulation in dendritic cells","Mus musculus","6","Expression profiling by high throughput sequencing",FALSE,FALSE
"GSE200717","Transcriptomic analysis revealed an important role of PPARα signaling in SHP-1 insufficiency leading to the development of renal ischemia-reperfusion injury","Mus musculus","6","Expression profiling by high throughput sequencing",FALSE,FALSE
"GSE206091","Remote ischemic preconditioning causes transient cell-cycle arrest and renal protection by a NF-kB-dependent Sema5B pathway","Mus musculus","21","Expression profiling by high throughput sequencing",FALSE,FALSE
"GSE207430","Effect of tubular IKKb deletion in acute ischemic kidney injury","Mus musculus","18","Expression profiling by high throughput sequencing",FALSE,FALSE
"GSE208526","Single cell transcriptome analysis of sham and bilateral renal ischemia-reperfusion injury (IRI)","Rattus norvegicus","4","Expression profiling by high throughput sequencing",FALSE,FALSE
"GSE212273","Analyze the mechanism of polyploidization of proximal tubular cells (PTC) in the unilateral ischemia reperfusion injury model of acute kidney injury (AKI) in mice","Mus musculus","4","Expression profiling by high throughput sequencing",FALSE,FALSE
"GSE212678","Effect of Kidney-specific deletion of ALR  on gene expression in ischemia reperfusion induced AKI","Mus musculus","12","Expression profiling by high throughput sequencing",FALSE,FALSE
"GSE217103","Inhibition of BRD4 Attenuates ER Stress-induced Renal Ischemic-Reperfusion Injury","Homo sapiens","10","Expression profiling by high throughput sequencing",FALSE,FALSE
"GSE217696","Regulatory role and mechanisms of lymphoid IKK1 in kidney ischemia-reperfusion injury","Mus musculus","11","Expression profiling by high throughput sequencing",FALSE,FALSE
"GSE217751","Activation of the Aryl Hydrocarbon Receptor in Muscle Exacerbates Ischemic Pathology in Chronic Kidney Disease","Mus musculus","2","Expression profiling by high throughput sequencing",FALSE,FALSE
"GSE224295","ST2+ T-regulatory Cells in Renal Inflammation and Fibrosis following Ischemic Kidney Injury","Mus musculus","9","Expression profiling by high throughput sequencing",FALSE,FALSE
"GSE232751","RNA-seq results in the kidney of female Tet1 knockout mice treated with or without ischemia reperfusion","Mus musculus","8","Expression profiling by high throughput sequencing",FALSE,FALSE
"GSE233511","Single cell and spatial transcriptomics analysis of kidney double negative T lymphocytes in normal and ischemic mouse kidneys [scRNA-Seq]","Mus musculus","6","Expression profiling by high throughput sequencing",FALSE,FALSE
"GSE233512","Single cell and spatial transcriptomics analysis of kidney double negative T lymphocytes in normal and ischemic mouse kidneys [spatial transcriptomics]","Mus musculus","4","Expression profiling by high throughput sequencing; Other",FALSE,FALSE
"GSE233513","Single cell and spatial transcriptomics analysis of kidney double negative T lymphocytes in normal and ischemic mouse kidneys","Mus musculus","10","Expression profiling by high throughput sequencing; Other",FALSE,FALSE
"GSE236019","Hypermethylation suppresses microRNA-219a-2 to activate the ALDH1L2/GSH/PAI-1 pathway for fibronectin degradation in renal fibrosis","Mus musculus; Homo sapiens","14","Expression profiling by high throughput sequencing; Other; Methylation profiling by high throughput sequencing",FALSE,FALSE
"GSE239905","Effects of Poly (ADP-ribose) Polymerase Inhibitor Treatment on the Repair Process of Ischemic Acute Kidney Injury","Mus musculus","2","Expression profiling by high throughput sequencing",FALSE,FALSE
"GSE244064","Single cell RNA sequencing of ischemia reperfused kidneys from Cre- and endothelial cell specific prolylhydroxylase 1, 2, and 3 knockout mice","Mus musculus","2","Expression profiling by high throughput sequencing",FALSE,FALSE
"GSE247263","Calycosin inhibited MIF-mediated inflammatory chemotaxis of macrophages to ameliorate ischemia reperfusion-induced acute kidney injury","Mus musculus","9","Expression profiling by high throughput sequencing",FALSE,FALSE
"GSE249928","Gene expression profile of kidney and lung cells at 24 hours after the onset of renal bilateral ischemia-reperfusion injury","Mus musculus","4","Expression profiling by high throughput sequencing",FALSE,FALSE
"GSE250560","Ablation of macrophage transcriptional factor FoxO1 protects against ischemia-reperfusion injury-induced acute kidney injury","Mus musculus","8","Expression profiling by high throughput sequencing",FALSE,FALSE
"GSE252060","CD44 plays a key role in aggravating tubular cell apoptosis in renal ischemia-reperfusion injury through p65/ PGC-1α pathway","Mus musculus","6","Expression profiling by high throughput sequencing",FALSE,FALSE
"GSE252111","Mouse kidneys with ischemia-reperfusion injury; Human kidneys with acute kidney injury; RELA binding sites in primary human proximal tubular cells","Mus musculus; Homo sapiens","31","Genome binding/occupancy profiling by high throughput sequencing; Expression profiling by high throughput sequencing; Other",FALSE,FALSE
"GSE252904","Gene expression of Aif-1 knock out and wild type mice-kidney macrophages after ischemic injury","Mus musculus; Mus","12","Expression profiling by array",FALSE,FALSE
"GSE253286","Effects of renal ischemia-reperfusion injury in Azin1 A-to-I locked and uneditable mice","Mus musculus","21","Expression profiling by high throughput sequencing",FALSE,FALSE
"GSE259281","Temporal and sex‑dependent gene expression patterns in a renal ischemia–reperfusion injury and recovery pig model","Sus scrofa","30","Expression profiling by array",FALSE,FALSE
"GSE260758","PARP 1 inhibition mediates a switch from cell death to transient senescence improving repair from acute oxidative injury","Mus musculus","16","Expression profiling by high throughput sequencing",FALSE,FALSE
"GSE260898","Renal denervation attenuates cardiac inflammatory responses via renal afferent nerve-splenic nerve axis after myocardial ischemic injury","Mus musculus","6","Expression profiling by high throughput sequencing",FALSE,FALSE
"GSE263369","Gene expression in kidney cells after unilateral ischemia-reperfusion","Mus musculus","2","Expression profiling by high throughput sequencing",FALSE,FALSE
"GSE264448","DNA-binding protein-A promotes renal ischemia/reperfusion injury and participates in mitochondrial function","Mus musculus","12","Expression profiling by high throughput sequencing",FALSE,FALSE
"GSE267242","Single-cell sequencing reveals Mincle receptor mediated inflammation for resolution in ischemic kidney injury","Mus musculus","5","Expression profiling by high throughput sequencing",FALSE,FALSE
"GSE267650","Mouse kidney ischemia-reperfusion injury time course","Mus musculus","57","Expression profiling by high throughput sequencing",FALSE,TRUE
"GSE272380","ST2+ T-regulatory Cells in Renal Inflammation and Fibrosis following Ischemic Kidney Injury","Mus musculus","5","Expression profiling by high throughput sequencing",FALSE,FALSE
"GSE27274","Fibrinogen is upregulated following kidney damage and protects it against ischemia-reperfusion injury","Rattus norvegicus","24","Expression profiling by array",TRUE,FALSE
"GSE274819","Single-cell RNA sequencing of murine kidneys for ischemia-reperfusion induced renal injury and fibrosis","Mus musculus","10","Expression profiling by high throughput sequencing",FALSE,FALSE
"GSE274962","HNF3α targets Nckap1l and promotes renal fibrosis following ischemia-reperfusion injury","Mus musculus","6","Expression profiling by high throughput sequencing",FALSE,FALSE
"GSE282997","tRF-Val-TAC-004 protects against renal ischemia-reperfusion injury via attenuating Apaf1-mediated apoptosis","Mus musculus","6","Expression profiling by high throughput sequencing",FALSE,FALSE
"GSE283374","Dietary methionine deprivation enhances renal resilience against ischemia-reperfusion injury through modulation of glucose oxidation","Mus musculus","10","Expression profiling by high throughput sequencing",FALSE,FALSE
"GSE286496","Effects of UTX Knockout on Gene Expression in an Ischemia-Reperfusion-Induced Acute Kidney Injury Model","Mus musculus","8","Expression profiling by high throughput sequencing",FALSE,FALSE
"GSE286507","Transcriptomic analysis of RNA (mRNA/ lncRNA/ circRNA) expression and epitranscriptomic profiling of N4-acetylcytidine-related RNA (mRNA/ lncRNA/ circRNA) acetylation in renal cortex from mice with ischemia reperfusion injury","Mus musculus","12","Other; Expression profiling by high throughput sequencing",FALSE,FALSE
"GSE287205","DEF6 regulates renal ischemia reperfusion injury through suppressing the WWP2 mediated ubiquitination of PARP1","Homo sapiens","8","Expression profiling by high throughput sequencing",FALSE,FALSE
"GSE293486","Tubular-specific ablation of Tiki2 exacerbates inflammation in ischemia/reperfusion-induced acute kidney injury by derepressing Wnt5a/Ror signaling","Mus musculus","6","Expression profiling by high throughput sequencing",FALSE,FALSE
"GSE294712","Endothelial Prolyl Hydroxylase 3 Mitigates Maladaptive Inflammation to Promote Post-Ischemic Kidney Repair","Mus musculus","2","Expression profiling by high throughput sequencing",FALSE,FALSE
"GSE294923","Nfkb1 removal from proximal tubule cells improves renal tubular outcomes following ischemia reperfusion injury","Mus musculus","14","Genome binding/occupancy profiling by high throughput sequencing; Expression profiling by high throughput sequencing",FALSE,FALSE
"GSE294969","Enhanced Expression of the Female-Biased Gene Gsta2 in Male Proximal Tubule Cells Improves Renal Resilience to Ischemia-Reperfusion Injury","Mus musculus","30","Expression profiling by high throughput sequencing",FALSE,FALSE
"GSE297154","Gene expression profiles in failed-repair renal tubular epithelial cells of rats treated with ischemia/reperfusion operation or cisplatin administration","Rattus norvegicus","24","Expression profiling by array",FALSE,FALSE
"GSE298223","Pulmonary endothelial cells endocytosis of HMGB1 promotes lung injury after renal ischemia-reperfusion injury","Mus musculus","6","Expression profiling by high throughput sequencing",FALSE,FALSE
"GSE298469","Inhibition of methylthioadenosine phosphorylase provides protection from experimental acute kidney injury","Mus musculus","17","Expression profiling by high throughput sequencing",FALSE,FALSE
"GSE299312","Nociceptive sensory nerves induce an IL4Rαhi anti-inflammatory macrophage subset that protects against kidney ischemia-reperfusion injury [DRG_RNAseq]","Mus musculus","6","Expression profiling by high throughput sequencing",FALSE,FALSE
"GSE299314","Nociceptive sensory nerves induce an IL4Rαhi anti-inflammatory macrophage subset that protects against kidney ischemia-reperfusion injury [BMDM_RNAseq]","Mus musculus","6","Expression profiling by high throughput sequencing",FALSE,FALSE
"GSE299409","Effect of the SYK Inhibitor Entospletinib on Renal Inflammation and the Transition from Acute Kidney Injury to Chronic Kidney Disease Induced by Ischemia-Reperfusion Injury","Mus musculus","8","Expression profiling by high throughput sequencing",FALSE,FALSE
"GSE301865","Effect of TNFSF14 deficiency on ischemia/reperfusion induced acute kidney injury in mice","Mus musculus","6","Expression profiling by high throughput sequencing",FALSE,FALSE
"GSE302105","Repurposing Zafirlukast Confers Renal Protection in Ischemia-Reperfusion Injury via Suppressing Macrophage METosis","Mus musculus","4","Expression profiling by high throughput sequencing",FALSE,FALSE
"GSE302163","Repurposing Zafirlukast Confers Renal Protection in Ischemia-Reperfusion Injury via Suppressing Macrophage METosis [RNA-Seq]","Mus musculus","6","Expression profiling by high throughput sequencing",FALSE,FALSE
"GSE302256","USAG-1 aggravates renal ischemia‒reperfusion injury via promoting GPX4 degradation‒induced ferroptosis","Mus musculus","6","Expression profiling by high throughput sequencing",FALSE,FALSE
"GSE304219","Increased Elmo1 Expression worsens the AKI-CKD transition via ROS","Mus musculus","11","Expression profiling by high throughput sequencing",FALSE,FALSE
"GSE304245","Arginase-1 dependent Insulin-like Growth Factor-1 from myofibroblasts and endothelial cells facilitates kidney tubular proliferation after ischemic injury","Mus musculus","1","Expression profiling by high throughput sequencing",FALSE,FALSE
"GSE305908","Clusterin marks maladaptive regenerative responses throughout the kidney following ischemia reperfusion.","Mus musculus","4","Expression profiling by high throughput sequencing",FALSE,FALSE
"GSE306859","Trem2 activation by renal tubular debris sustains Arg1+ macrophage survival and promotes tubular epithelial repair in renal ischemia–reperfusion injury","Mus musculus","6","Expression profiling by high throughput sequencing",FALSE,FALSE
"GSE309904","Acute kidney injury following fatty liver ischemia-reperfusion injury: indirect protection by hepatic ferroptosis inhibition","Mus musculus","12","Expression profiling by high throughput sequencing",FALSE,FALSE
"GSE310601","Fibroblast histone deacetylase-1 promotes kidney interstitial fibrosis following ischemia-reperfusion injury.","Rattus norvegicus","12","Expression profiling by high throughput sequencing",FALSE,FALSE
"GSE3219","Ischemic vs. nephrotoxic acute renal failure, early time points (2h and 8h)","Rattus norvegicus","36","Expression profiling by array",FALSE,FALSE
"GSE329114","Exploring the Mechanism of Rapamycin in Attenuating Renal Ischemia-Reperfusion Injury","Rattus norvegicus","9","Expression profiling by high throughput sequencing",FALSE,FALSE
"GSE334847","Hypoxic preconditioning attenuates renal ischemia–reperfusion injury by suppressing the IL-17A/IL-17RA/TRAF6 inflammatory axis","Mus musculus","12","Expression profiling by high throughput sequencing",FALSE,FALSE
"GSE334849","Nephrotoxicity modelled ex vivo in the founder strains of the BXD mouse consortium","Mus musculus","48","Expression profiling by high throughput sequencing",FALSE,FALSE
"GSE34351","Gene expression profile on ischemic kidneys from wildtype C57BL/10 and TLR4 null C57BL/10ScNJ mice","Mus musculus","12","Expression profiling by array",TRUE,FALSE
"GSE343974","A comparative analysis of acellular versus red cell based subnormothermic machine perfusion in human kidney transplantation","Homo sapiens","37","Expression profiling by high throughput sequencing",FALSE,FALSE
"GSE36671","Expression data from an ex vivo ischaemia reperfusion model of renal deceased by cardiac death (DCD) donation in rat","Rattus norvegicus","4","Expression profiling by array",FALSE,FALSE
"GSE39548","Transcriptome Analysis of Renal Ischemia/Reperfusion Injury and its Modulation by Ischemic Pre-Conditioning or Hemin treatment","Mus musculus","20","Expression profiling by array",TRUE,FALSE
"GSE39766","Blockade of TNFα after ischemia reperfusion injury ameliorates renal prognosis","Mus musculus","6","Expression profiling by array",FALSE,FALSE
"GSE41137","Impact of Ischemia and Procurement Conditions on Gene Expression in Renal Cell Carcinoma","Homo sapiens","140","Expression profiling by array",FALSE,FALSE
"GSE4441","Gene expression profiling in rat renal allografts after prolonged cold ischemia","Rattus norvegicus","10","Expression profiling by array",FALSE,FALSE
"GSE52004","Acute cellular injury responses in mouse renal ischemic reperfusion injury","Mus musculus","57","Expression profiling by array",FALSE,FALSE
"GSE52982","Effects of preoperative fasting on renal ischemia-reperfusion injury in young-lean and aged overweight mice","Mus musculus","19","Expression profiling by array",FALSE,FALSE
"GSE54417","mTORC1 maintains renal tubular homeostasis and is essential in response to ischemic stress","Mus musculus","10","Expression profiling by array",FALSE,FALSE
"GSE58438","Renoprotective Effects of Valproic Acid and Dexamethasone in Acute Kidney Ischemia-Reperfusion Injury","Rattus norvegicus","46","Expression profiling by array",TRUE,FALSE
"GSE6110","Increased Susceptibility of Aging Kidney to Ischemic Injury:  Identification of Molecular Pathways using Microarray","Rattus norvegicus","12","Expression profiling by array",FALSE,FALSE
"GSE62732","Gene Expression Profiling of Fibroblasts in Actute Kidney Injury","Mus musculus","8","Expression profiling by array",FALSE,FALSE
"GSE65656","Dietary and protein-restriction protect against renal ischemia-reperfusion injury in mice","Mus musculus","36","Expression profiling by array",FALSE,FALSE
"GSE6698","Expression data from spec. transcrip. activity of contralateral mouse kidneys in response to Ischemia-Reperfusion-Injury","Mus musculus","10","Expression profiling by array",FALSE,FALSE
"GSE6748","renal ischemia vs sham - 24h","Rattus norvegicus","4","Expression profiling by array",FALSE,FALSE
"GSE6749","renal ischemia vs sham - 7d","Rattus norvegicus","4","Expression profiling by array",FALSE,FALSE
"GSE7040","Effects of renal ischemia on angiogenic gene expression","Rattus norvegicus","8","Expression profiling by array",FALSE,FALSE
"GSE72646","The analysis of differential gene expression after remote ischemic preconditioning of renal ischemia reperfusion injury","Sus scrofa","15","Expression profiling by array",FALSE,FALSE
"GSE75808","Differential Ly6C Expression after Renal Ischemia-Reperfusion Identifies Unique Macrophage Populations","Mus musculus","25","Expression profiling by array",FALSE,FALSE
"GSE79418","Gene expression signatures of ischemia on porcine kidney","Sus scrofa","6","Expression profiling by array",FALSE,FALSE
"GSE84563","Kidney Hypothermic Perfusion with Mesenchymal Stromal Cells or Microvesicles Protects Rat Kidney from Ischemia By Upregulation of Cell Energy Metabolism and Ion Membrane Transport Key Genes","Rattus norvegicus","9","Expression profiling by array",FALSE,FALSE
"GSE88925","Impaired post-ischemic angiogenesis in rats with chronic kidney disease","Rattus norvegicus","18","Expression profiling by array",FALSE,FALSE
"GSE98622","Transcriptome profile of a murine renal bilateral ischemia reperfusion model 2 hours to 12 months post injury","Mus musculus","49","Expression profiling by high throughput sequencing",TRUE,FALSE
"GSE9943","Differential Gene Expression Between Brown Norway and Sprague Dawley Rats in Response to Renal Ischemia Reperfusion","Rattus norvegicus","12","Expression profiling by array",FALSE,FALSE
