"human","main_signature","one_to_one_signature","testable_one_to_one","FDR_main","FDR_one_to_one"
"ADAMTS1",TRUE,TRUE,TRUE,5.1451550874559e-09,4.85264397805188e-09
"MYC",TRUE,TRUE,TRUE,1.14967120528356e-07,1.01175945492847e-07
"KLF6",TRUE,TRUE,TRUE,5.07092841013287e-07,3.46319755601872e-07
"TNFRSF12A",TRUE,TRUE,TRUE,5.07092841013287e-07,4.63081244708684e-07
"CLDN4",TRUE,TRUE,TRUE,5.07092841013287e-07,0.00143799938590576
"TGIF1",TRUE,TRUE,TRUE,5.07092841013287e-07,4.63081244708684e-07
"GDF15",TRUE,TRUE,TRUE,1.24869197865969e-06,1.38487153294025e-06
"NFKBIZ",TRUE,TRUE,TRUE,1.24869197865969e-06,1.13849840468717e-06
"SERPINE1",TRUE,TRUE,TRUE,1.24869197865969e-06,1.71676845115741e-06
"ELF3",TRUE,TRUE,TRUE,1.93678711974403e-06,2.01409273328777e-06
"ICAM1",TRUE,TRUE,TRUE,2.07091228443317e-06,2.2788313929627e-06
"SOCS3",TRUE,TRUE,TRUE,2.07091228443317e-06,2.2788313929627e-06
"CXCL2",TRUE,FALSE,FALSE,3.36666291435221e-06,NA
"RND1",TRUE,TRUE,TRUE,6.00416257682188e-06,6.15928115779888e-06
"LGALS3",TRUE,TRUE,TRUE,7.42569427404462e-06,7.97361743523942e-06
"IER5",TRUE,TRUE,TRUE,8.40862531365962e-06,9.06352021291576e-06
"EGR2",TRUE,TRUE,TRUE,9.60853947292642e-06,1.0015309408805e-05
"FOSL1",TRUE,TRUE,TRUE,2.84884606060469e-05,3.02274467456901e-05
"ATF3",TRUE,TRUE,TRUE,5.86616017371793e-05,5.58482182172312e-05
"JUNB",TRUE,TRUE,TRUE,6.50199549153934e-05,7.66911324670129e-05
"KLF5",TRUE,TRUE,TRUE,6.50199549153934e-05,6.72748398683271e-05
"BTG2",TRUE,TRUE,TRUE,7.31593921411924e-05,8.48606171258229e-05
"TSC22D1",TRUE,TRUE,TRUE,0.000107175820467684,0.000121469985334639
"IER2",TRUE,TRUE,TRUE,0.000119395413552226,0.00014101029218453
"RHOB",TRUE,TRUE,TRUE,0.000151451881468123,0.000148535749173402
"NFIL3",TRUE,TRUE,TRUE,0.000215205639995941,0.000204617480670049
"TUBB6",TRUE,TRUE,TRUE,0.000240621363699386,0.000176164007283759
"KRT8",TRUE,TRUE,TRUE,0.000240621363699386,0.000215599014037639
"FOS",TRUE,TRUE,TRUE,0.000276085076055483,0.000235709435526793
"BIRC3",TRUE,TRUE,TRUE,0.000314501655074702,0.000330657291444338
"JUND",TRUE,TRUE,TRUE,0.00035192184127297,0.00034685984541519
"PLAUR",TRUE,TRUE,TRUE,0.000395794264961651,0.00034685984541519
"RASD1",TRUE,TRUE,TRUE,0.000420153128271314,0.000476274525951378
"CH25H",TRUE,TRUE,TRUE,0.000538584996228696,0.00053971333591132
"PHLDA1",TRUE,TRUE,TRUE,0.000630030903870715,0.000578921080852422
"EGR1",TRUE,TRUE,TRUE,0.000630030903870715,0.00061119004083174
"MT1F",TRUE,FALSE,FALSE,0.000630965962697022,NA
"SERPINH1",TRUE,TRUE,TRUE,0.000646492386523441,0.000578921080852422
"FOSB",TRUE,TRUE,TRUE,0.000646492386523441,0.00066054967130767
"ITPKC",TRUE,TRUE,TRUE,0.000674930282986718,0.000692296909399876
"IFRD1",TRUE,TRUE,TRUE,0.000674930282986718,0.000701847444578931
"ANXA1",TRUE,TRUE,TRUE,0.000674930282986718,0.000751055828632453
"BCL3",TRUE,TRUE,TRUE,0.000674930282986718,0.000701847444578931
"EDN1",TRUE,TRUE,TRUE,0.000772601315948184,0.000788179570808529
"CD14",TRUE,TRUE,TRUE,0.000798102976121648,0.000811342337167513
"IER3",TRUE,TRUE,TRUE,0.000828078859214408,0.000838482719613972
"S100A10",TRUE,TRUE,TRUE,0.000828078859214408,0.000894805325983914
"HSPB1",TRUE,TRUE,TRUE,0.0008965472435778,0.000894805325983914
"CCN1",TRUE,TRUE,TRUE,0.000897617276140196,0.000909852133780234
"KRT18",TRUE,TRUE,TRUE,0.000897617276140196,0.000937074207145
"HBEGF",TRUE,TRUE,TRUE,0.000897617276140196,0.000950509316021622
"JUN",TRUE,TRUE,TRUE,0.000897617276140196,0.000936648513482293
"IRF1",TRUE,TRUE,TRUE,0.000995245464913926,0.000965343733106366
"OASL",TRUE,TRUE,TRUE,0.000995245464913926,0.000950509316021622
"CSRP1",TRUE,TRUE,TRUE,0.000995245464913926,0.000950509316021622
"DNAJB1",TRUE,TRUE,TRUE,0.00104775764230885,0.00102479043737244
"LIF",TRUE,TRUE,TRUE,0.00105197414461959,0.00102824638620735
"LMNA",TRUE,TRUE,TRUE,0.0012144396385271,0.000950509316021622
"DUSP5",TRUE,TRUE,TRUE,0.0012144396385271,0.00120547662330242
"MCL1",TRUE,TRUE,TRUE,0.00132873578573242,0.00140832786016293
"THBD",TRUE,TRUE,TRUE,0.00133352426026631,0.00140832786016293
"CDKN1A",TRUE,TRUE,TRUE,0.00134279339994317,0.00137754562422891
"SBNO2",TRUE,TRUE,TRUE,0.00147330783372975,0.00142684697157181
"RRAD",TRUE,TRUE,TRUE,0.00149438356516433,0.00145601647488417
"CLIC1",TRUE,FALSE,TRUE,0.00149438356516433,0.0678332505320139
"PPRC1",TRUE,TRUE,TRUE,0.00149498390079413,0.00156936438289804
"SLC20A1",TRUE,TRUE,TRUE,0.00151483479229041,0.00151942575752948
"TIMP1",TRUE,TRUE,TRUE,0.0015398655149065,0.00151987753728746
"GADD45B",TRUE,TRUE,TRUE,0.00162433178611054,0.00151987753728746
"MAFF",TRUE,TRUE,TRUE,0.00169254947636384,0.00157880812787402
"DDIT3",TRUE,TRUE,TRUE,0.00177096030843695,0.00173633986037299
"HSPA1A",TRUE,FALSE,FALSE,0.00187976544635235,NA
"RELB",TRUE,TRUE,TRUE,0.0019558657944634,0.00189452737000788
"PVR",TRUE,TRUE,TRUE,0.0019558657944634,0.00189452737000788
"LCN2",TRUE,TRUE,TRUE,0.0019558657944634,0.00189452737000788
"EPHA2",TRUE,TRUE,TRUE,0.0019558657944634,0.00189452737000788
"SOX9",TRUE,TRUE,TRUE,0.00220422156796537,0.00183261696934915
"NFKB2",TRUE,TRUE,TRUE,0.00220844672983929,0.0021386561370556
"HILPDA",TRUE,TRUE,TRUE,0.00221099889505612,0.00231879379422435
"TPBG",TRUE,TRUE,TRUE,0.00228687328889341,0.00238097150572596
"UPP1",TRUE,TRUE,TRUE,0.00231048239214433,0.00237993165013695
"RND3",TRUE,TRUE,TRUE,0.00233653829335451,0.00250174280617159
"MT2A",TRUE,FALSE,FALSE,0.00240823533082913,NA
"S100A9",TRUE,TRUE,TRUE,0.00308697964518088,0.00306882132774798
"KLF4",TRUE,TRUE,TRUE,0.00310379931859478,0.00329668723813746
"TEX10",TRUE,TRUE,TRUE,0.00322449443361261,0.00306882132774798
"YWHAH",TRUE,TRUE,TRUE,0.00330692809496686,0.00319817861416877
"PPP1R15A",TRUE,TRUE,TRUE,0.00330692809496686,0.00341858091451921
"TUFT1",TRUE,TRUE,TRUE,0.00330692809496686,0.00306882132774798
"GADD45A",TRUE,TRUE,TRUE,0.00330692809496686,0.00330025617781854
"RELA",TRUE,TRUE,TRUE,0.00346874969266447,0.00338683026287383
"DUSP10",TRUE,TRUE,TRUE,0.00346874969266447,0.00341858091451921
"TNFRSF1A",TRUE,TRUE,TRUE,0.00377672453087629,0.00353630045772224
"DCAF8",TRUE,TRUE,TRUE,0.00427852910277975,0.00408321186344095
"FHL3",TRUE,TRUE,TRUE,0.00427319347443799,0.00446442351205596
"FOSL2",TRUE,TRUE,TRUE,0.00433618023671418,0.00446442351205596
"CLU",TRUE,TRUE,TRUE,0.00475856521557289,0.00446442351205596
"MIDN",TRUE,TRUE,TRUE,0.00477804772900933,0.00465816374149424
"DEPP1",TRUE,TRUE,TRUE,0.00480566948527329,0.00465816374149424
"TRIB1",TRUE,TRUE,TRUE,0.00486167214531396,0.00498852454921336
"RASSF1",TRUE,TRUE,TRUE,0.00514410425007424,0.00465816374149424
"EMP1",TRUE,TRUE,TRUE,0.00564629611616763,0.00543180014368936
"CEBPB",TRUE,TRUE,TRUE,0.00600839160867367,0.00465816374149424
"SPSB1",TRUE,TRUE,TRUE,0.00600839160867367,0.00487305972187561
"RHOJ",TRUE,TRUE,TRUE,0.00699988938260708,0.00682917521432583
"SPRY2",TRUE,TRUE,TRUE,0.00728242399947115,0.00682917521432583
"ADM",TRUE,TRUE,TRUE,0.00743409542379179,0.00693445259009359
"RGS2",TRUE,TRUE,TRUE,0.0074346613384007,0.00748193689671338
"CD83",TRUE,TRUE,TRUE,0.00748404151673851,0.00709931020221031
"NR4A1",TRUE,TRUE,TRUE,0.00752711072771046,0.00789290763263355
"PLK2",TRUE,TRUE,TRUE,0.00807638004342626,0.00835280631302141
"JMJD6",TRUE,TRUE,TRUE,0.00837922193528551,0.00823259036357504
"CNKSR3",TRUE,TRUE,TRUE,0.00837922193528551,0.00818985896184861
"YRDC",TRUE,TRUE,TRUE,0.00838149714563399,0.00818985896184861
"UGCG",TRUE,TRUE,TRUE,0.00838149714563399,0.00818985896184861
"DUSP14",TRUE,TRUE,TRUE,0.00851284921038192,0.00169337373132752
"PTP4A1",TRUE,TRUE,TRUE,0.00851284921038192,0.00818985896184861
"SOWAHB",TRUE,TRUE,TRUE,0.00851284921038192,0.00818985896184861
"BTG1",TRUE,FALSE,FALSE,0.00851284921038192,NA
"MRO",TRUE,TRUE,TRUE,0.0145426294884927,0.0137871074140311
"GHR",TRUE,TRUE,TRUE,0.0145426294884927,0.0137871074140311
"GIMAP7",TRUE,TRUE,TRUE,0.0145426294884927,0.0137871074140311
"PLK3",TRUE,TRUE,TRUE,0.0087865227898092,0.00872315108081226
"RCAN1",TRUE,TRUE,TRUE,0.00880114943848673,0.00939877975387862
"MAP2K3",TRUE,TRUE,TRUE,0.00944318514422945,0.00939877975387862
"CSF1",TRUE,TRUE,TRUE,0.00944318514422945,0.00918843716086468
"SPP1",TRUE,TRUE,TRUE,0.0102189926448384,0.0100429839845934
"CD93",TRUE,TRUE,TRUE,0.0104709341220853,0.0102837275406475
"THBS1",TRUE,TRUE,TRUE,0.0104709341220853,0.0102837275406475
"ZFP36",TRUE,TRUE,TRUE,0.0109104696116513,0.010624830571899
"GPRC5A",TRUE,TRUE,TRUE,0.0114478515272002,0.0105343941945999
"MIDEAS",TRUE,TRUE,TRUE,0.0120045024728624,0.00975800439146219
"PREPL",TRUE,TRUE,TRUE,0.0191084396742677,0.0137871074140311
"PIM1",TRUE,TRUE,TRUE,0.0126790773345954,0.0117628708508919
"CYP4A22",TRUE,FALSE,FALSE,0.0191084396742677,NA
"WSB1",TRUE,TRUE,TRUE,0.0132596774007212,0.0121127674336527
"EFHD2",TRUE,TRUE,TRUE,0.0132596774007212,0.0117628708508919
"STAT3",TRUE,TRUE,TRUE,0.0132596774007212,0.0127706725628789
"CD68",TRUE,TRUE,TRUE,0.0135470279593605,0.0108940762463147
"SPHK1",TRUE,TRUE,TRUE,0.0135470279593605,0.0134973373053068
"VMP1",TRUE,TRUE,TRUE,0.0139442156655175,0.0121412367539907
"SDC4",TRUE,TRUE,TRUE,0.0139442156655175,0.0134437172199513
"LRRC59",TRUE,TRUE,TRUE,0.0139442156655175,0.0134437172199513
"NFKBIE",TRUE,TRUE,TRUE,0.0142548624918147,0.0134437172199513
"MAPK6",TRUE,TRUE,TRUE,0.0142548624918147,0.0117628708508919
"CLDN3",TRUE,TRUE,TRUE,0.0143439139166605,0.012077932418663
"EIF4EBP1",TRUE,TRUE,TRUE,0.0143439139166605,0.0128899628145531
"VPS37B",TRUE,TRUE,TRUE,0.0143439139166605,0.0150467782380769
"ARF6",TRUE,TRUE,TRUE,0.014435824352627,0.0140589465937113
"NOP58",TRUE,TRUE,TRUE,0.014617772099815,0.0137163770451718
"ANXA2",TRUE,FALSE,FALSE,0.0149388708722636,NA
"S100A6",TRUE,TRUE,TRUE,0.0153086885301889,0.0153263726565202
"BBC3",TRUE,TRUE,TRUE,0.0156214456619403,0.0153558744727472
"OSGIN1",TRUE,TRUE,TRUE,0.0156836404429905,0.015412641188942
"CCNL1",TRUE,TRUE,TRUE,0.0158356585299639,0.0156236856807069
"BRD2",TRUE,TRUE,TRUE,0.0158416823402372,0.0170452121378052
"F2RL1",TRUE,TRUE,TRUE,0.0159198533338181,0.0153558744727472
"S100A11",TRUE,FALSE,TRUE,0.0160360877408709,0.427043578815388
"ATF4",TRUE,TRUE,TRUE,0.0172964682521074,0.0170452121378052
"TUBA1C",TRUE,FALSE,FALSE,0.0175772572185194,NA
"BLNK",TRUE,TRUE,TRUE,0.0175772572185194,0.0154230712018746
"CCL2",TRUE,FALSE,FALSE,0.0175772572185194,NA
"STX11",TRUE,TRUE,TRUE,0.0176067019606397,0.0170452121378052
"SLC35A5",TRUE,TRUE,TRUE,0.0250593077218177,0.0286088922734559
"TIPARP",TRUE,TRUE,TRUE,0.0176744619968736,0.0185195902277658
"ZYX",TRUE,TRUE,TRUE,0.0183351372467781,0.0186147858706276
"DNAJB4",TRUE,TRUE,TRUE,0.0189072868423765,0.0156236856807069
"LRRC8C",TRUE,TRUE,TRUE,0.019823020042308,0.0170452121378052
"SLC7A1",TRUE,TRUE,TRUE,0.0198269887782728,0.0193251422960602
"GLIPR2",TRUE,TRUE,TRUE,0.0200398465335568,0.021417801532681
"PSTPIP1",TRUE,TRUE,TRUE,0.0201179614127157,0.0204527305941652
"DBT",TRUE,TRUE,TRUE,0.0303231316452579,0.0286088922734559
"VIM",TRUE,TRUE,TRUE,0.0225927318918016,0.0223277077581493
"PMAIP1",TRUE,TRUE,TRUE,0.0227900336196502,0.0229586226128351
"DNAJA4",TRUE,TRUE,TRUE,0.0231342300457558,0.0229031827397993
"KCNJ16",TRUE,TRUE,TRUE,0.0316777731169108,0.0303060948419309
"CLCF1",TRUE,TRUE,TRUE,0.0239661604973151,0.0246380554199796
"DOT1L",TRUE,TRUE,TRUE,0.0240088241932406,0.0236103874297787
"NR4A3",TRUE,TRUE,TRUE,0.0240566149937048,0.0250387867479366
"PPM1K",TRUE,TRUE,TRUE,0.0316777731169108,0.0303060948419309
"SLC16A9",TRUE,TRUE,TRUE,0.0316777731169108,0.0303060948419309
"BAG3",TRUE,TRUE,TRUE,0.0243656132894793,0.0226488540170223
"ABL2",TRUE,TRUE,TRUE,0.0245062517023694,0.0236103874297787
"TUBB4B",TRUE,TRUE,TRUE,0.0245062517023694,0.0242202391558478
"WNK1",TRUE,TRUE,TRUE,0.0319562149117737,0.0365920466228275
"ZFAND2A",TRUE,TRUE,TRUE,0.0250938367795999,0.0236149380689254
"HSPB8",TRUE,TRUE,TRUE,0.0250938367795999,0.0246380554199796
"KLF2",TRUE,TRUE,TRUE,0.0251509122681459,0.0247363603524945
"SERTAD1",TRUE,TRUE,TRUE,0.0251509122681459,0.0246380554199796
"SMOX",TRUE,TRUE,TRUE,0.0251509122681459,0.0226488540170223
"SLC38A2",TRUE,TRUE,TRUE,0.0251851327643722,0.0207050020291816
"RGS16",TRUE,TRUE,TRUE,0.0251851327643722,0.0266880752987309
"ANGPTL4",TRUE,TRUE,TRUE,0.0251851327643722,0.0250387867479366
"CLDN7",TRUE,TRUE,TRUE,0.0254697417482165,0.025222920555482
"HSPH1",TRUE,TRUE,TRUE,0.025940418691148,0.0255714528537446
"PLIN2",TRUE,TRUE,TRUE,0.0259964406200659,0.0236149380689254
"BCL10",TRUE,TRUE,TRUE,0.0260343723839137,0.0257957807211647
"TUBB2A",TRUE,FALSE,FALSE,0.0267269354188323,NA
"INHBB",TRUE,TRUE,TRUE,0.0268374133858497,0.0266880752987309
"MYL12A",TRUE,FALSE,TRUE,0.0273194986299698,0.117364655639443
"TNFAIP3",TRUE,TRUE,TRUE,0.027594004154637,0.0267922435229971
"PHC2",TRUE,TRUE,TRUE,0.027594004154637,0.0267922435229971
"ZNF622",TRUE,TRUE,TRUE,0.0279643648414602,0.025222920555482
"SERPINA3",TRUE,FALSE,FALSE,0.0286715569943938,NA
"PXDC1",TRUE,TRUE,TRUE,0.0287991751183811,0.0245715803883062
"PHKB",TRUE,TRUE,TRUE,0.0353153307175373,0.0365920466228275
"FAM171A1",TRUE,TRUE,TRUE,0.0353153307175373,0.0365920466228275
"PINK1",TRUE,TRUE,TRUE,0.0353153307175373,0.0365920466228275
"AKR1C2",TRUE,FALSE,FALSE,0.0353153307175373,NA
"PCMTD1",TRUE,TRUE,TRUE,0.0353153307175373,0.0365920466228275
"TUBB2B",TRUE,FALSE,FALSE,0.029109295179728,NA
"CCDC120",TRUE,TRUE,TRUE,0.0299523789311817,0.0302551734310826
"PROCR",TRUE,TRUE,TRUE,0.030712168205365,0.0302551734310826
"CD69",TRUE,TRUE,TRUE,0.0308689893454722,0.0302551734310826
"C11orf96",TRUE,TRUE,TRUE,0.0318907971565282,0.033750432860675
"ETS2",TRUE,TRUE,TRUE,0.0320144295792469,0.0326293814589436
"FRAS1",TRUE,TRUE,TRUE,0.040822210610997,0.0480816942307551
"BHLHE40",TRUE,TRUE,TRUE,0.0325949179522623,0.0333382271482531
"ITGA6",TRUE,TRUE,TRUE,0.0346150667208785,0.0328640198118405
"SH3BGRL3",TRUE,TRUE,TRUE,0.0359258044747241,0.0365561316142212
"SFN",TRUE,FALSE,TRUE,0.0359258044747241,0.132527814290048
"HMGA1",TRUE,FALSE,TRUE,0.037557217757863,1
"LITAF",TRUE,TRUE,TRUE,0.037557217757863,0.0394811456206038
"ARID5A",TRUE,TRUE,TRUE,0.0376820788081348,0.0385369142747232
"CSRNP1",TRUE,TRUE,TRUE,0.0386352856060325,0.0390158935226167
"AKAP12",TRUE,TRUE,TRUE,0.0386352856060325,0.038962478588845
"CTPS1",TRUE,TRUE,TRUE,0.0387392093522495,0.0385369142747232
"ELL",TRUE,TRUE,TRUE,0.0389341729792187,0.039028691888751
"CCL20",TRUE,TRUE,TRUE,0.0393633844113428,0.0412522825748541
"SOWAHC",TRUE,TRUE,TRUE,0.0394319958106946,0.038962478588845
"IRAK3",TRUE,TRUE,TRUE,0.0403392078042434,0.0406951511710508
"IL1RN",TRUE,TRUE,TRUE,0.0403392078042434,0.0406951511710508
"TBRG1",TRUE,FALSE,TRUE,0.0403392078042434,0.434022506022496
"MAP7D1",TRUE,TRUE,TRUE,0.0409736162146526,0.0398864028747813
"SLCO4C1",TRUE,FALSE,TRUE,0.04997078182361,0.0504980364842495
"CASP3",TRUE,TRUE,TRUE,0.0415145442936788,0.0393599366044701
"CREB5",TRUE,TRUE,TRUE,0.0419852409809397,0.0449346722926715
"DUSP1",TRUE,TRUE,TRUE,0.0419852409809397,0.0423554424937976
"CX3CL1",TRUE,TRUE,TRUE,0.0420561869431196,0.0423554424937976
"ALDH1A2",TRUE,TRUE,TRUE,0.0433379754855841,0.0388244030537305
"CEBPD",TRUE,TRUE,TRUE,0.0433449886169857,0.0437420950704458
"PLSCR1",TRUE,FALSE,FALSE,0.0448162206538986,NA
"C15orf48",TRUE,TRUE,TRUE,0.0451174274709859,0.045349295260179
"HSP90AB1",TRUE,TRUE,TRUE,0.046280691571802,0.046505131145195
"MYADM",TRUE,TRUE,TRUE,0.046496951307769,0.0394811456206038
"C5AR1",TRUE,TRUE,TRUE,0.046496951307769,0.0431122281477245
"ZFP36L1",TRUE,TRUE,TRUE,0.04692180411519,0.0475475541709469
"IHH",TRUE,TRUE,TRUE,0.0469409645225265,0.0475517169448343
"ADAMTS4",TRUE,TRUE,TRUE,0.047659514047219,0.0480900782216796
"ADAMTS9",TRUE,TRUE,TRUE,0.047659514047219,0.0423554424937976
"SRXN1",TRUE,FALSE,TRUE,0.0477593360320927,0.050094129796315
"VASP",TRUE,TRUE,TRUE,0.0485618050505544,0.0498683046313343
"DUSP6",TRUE,TRUE,TRUE,0.048651890311483,0.0478054393411302
"SLC19A2",TRUE,FALSE,TRUE,0.0497388253434362,0.050094129796315
"GEM",TRUE,TRUE,TRUE,0.0497388253434362,0.0481659795126411
"SLC25A25",TRUE,FALSE,TRUE,0.0497453740311375,0.0502536007267352
"MYH9",FALSE,TRUE,TRUE,0.0502873523432416,0.0439952073654047
"TAX1BP3",FALSE,TRUE,TRUE,0.0540328315531221,0.0494692471114802
