"human","n_datasets","n_up","n_down","mean_logFC","RRA_up","RRA_down","FDR_up","FDR_down","direction","meta_FDR","concordant","signed_score","min_conc","consensus","FDR_posthoc","signature"
"ADAMTS1",9,9,0,2.34231282608517,5.24213457713286e-13,1,1.91704861485749e-08,1,"up",1.91704861485749e-08,9,12.280491833951,5,TRUE,5.1451550874559e-09,TRUE
"MYC",9,9,0,2.04695404738973,2.34268202808673e-11,1,4.28359408835659e-07,1,"up",4.28359408835659e-07,9,10.630286654134,5,TRUE,1.14967120528356e-07,TRUE
"KLF6",9,9,0,2.32862036151089,1.82901174648152e-10,1,1.88939227670463e-06,1,"up",1.88939227670463e-06,9,9.73778350534057,5,TRUE,5.07092841013287e-07,TRUE
"TNFRSF12A",9,9,0,2.27720582484549,2.32182064328317e-10,1,1.88939227670463e-06,1,"up",1.88939227670463e-06,9,9.63417133181575,5,TRUE,5.07092841013287e-07,TRUE
"CLDN4",9,9,0,1.93129464180254,2.60659413476178e-10,1,1.88939227670463e-06,1,"up",1.88939227670463e-06,9,9.58392658630597,5,TRUE,5.07092841013287e-07,TRUE
"TGIF1",9,9,0,1.540945763592,3.09990529401907e-10,1,1.88939227670463e-06,1,"up",1.88939227670463e-06,9,9.50865157420225,5,TRUE,5.07092841013287e-07,TRUE
"GDF15",9,9,0,2.24541148975819,9.85382530504075e-10,1,4.65253852874017e-06,1,"up",4.65253852874017e-06,9,9.00639514144505,5,TRUE,1.24869197865969e-06,TRUE
"NFKBIZ",9,9,0,1.93017662790452,1.10649886660936e-09,1,4.65253852874017e-06,1,"up",4.65253852874017e-06,9,8.95604902658584,5,TRUE,1.24869197865969e-06,TRUE
"SERPINE1",9,9,0,2.26403598323743,1.14500538032982e-09,1,4.65253852874017e-06,1,"up",4.65253852874017e-06,9,8.94119247258867,5,TRUE,1.24869197865969e-06,TRUE
"ELF3",9,9,0,1.26371206733178,1.97329304100258e-09,1,7.21633265094644e-06,1,"up",7.21633265094644e-06,9,8.70480841569044,5,TRUE,1.93678711974403e-06,TRUE
"ICAM1",9,9,0,1.37318527326586,2.37114366728597e-09,1,7.71607358550391e-06,1,"up",7.71607358550391e-06,9,8.62504213137851,5,TRUE,2.07091228443317e-06,TRUE
"SOCS3",9,9,0,2.12360509758736,2.53193554897585e-09,1,7.71607358550391e-06,1,"up",7.71607358550391e-06,9,8.59654735358375,5,TRUE,2.07091228443317e-06,TRUE
"CXCL2",9,9,0,2.99677213115011,4.45915617794994e-09,1,1.25439493405869e-05,1,"up",1.25439493405869e-05,9,8.35074731660889,5,TRUE,3.36666291435221e-06,TRUE
"RND1",9,9,0,1.8066201433963,8.56426653851312e-09,1,2.23710876652446e-05,1,"up",2.23710876652446e-05,9,8.06730982498291,5,TRUE,6.00416257682188e-06,TRUE
"LGALS3",9,8,1,1.44653727410606,1.13484884473428e-08,0.628457647185448,2.76676148346217e-05,1,"up",2.76676148346217e-05,8,7.94506198011795,5,TRUE,7.42569427404462e-06,TRUE
"IER5",9,8,1,1.17319927239976,1.37073871643967e-08,0.864886979646108,3.13299467876243e-05,1,"up",3.13299467876243e-05,8,7.86304532042763,5,TRUE,8.40862531365962e-06,TRUE
"EGR2",9,9,0,2.40180206516141,1.66424015323229e-08,1,3.58007425904146e-05,1,"up",3.58007425904146e-05,9,7.77878400394789,5,TRUE,9.60853947292642e-06,TRUE
"FOSL1",8,8,0,2.70461738049181,5.22457759458832e-08,1,0.000106146001463386,1,"up",0.000106146001463386,8,7.28194881636621,4,TRUE,2.84884606060469e-05,TRUE
"ATF3",9,9,0,3.93177481088496,1.13557863780582e-07,1,0.000218569004129256,1,"up",0.000218569004129256,9,6.94478278589813,5,TRUE,5.86616017371793e-05,TRUE
"JUNB",9,8,1,1.60591399081991,1.33976023325102e-07,0.172347344333373,0.00024225978107549,1,"up",0.00024225978107549,8,6.8729729170778,5,TRUE,6.50199549153934e-05,TRUE
"KLF5",9,8,1,1.39568057899102,1.39115542865335e-07,0.856193106269817,0.00024225978107549,1,"up",0.00024225978107549,8,6.85662434518015,5,TRUE,6.50199549153934e-05,TRUE
"BTG2",9,8,1,2.00649648408959,1.63984373622642e-07,0.363199345402475,0.000272586751971819,1,"up",0.000272586751971819,8,6.78519753471325,5,TRUE,7.31593921411924e-05,TRUE
"TSC22D1",8,7,1,1.13091450502252,2.5115067455494e-07,0.966758719443592,0.000399329572542355,1,"up",0.000399329572542355,7,6.60006565104974,4,TRUE,0.000107175820467684,TRUE
"IER2",9,9,0,1.76366462926478,2.91950068798107e-07,1,0.000444858917331115,1,"up",0.000444858917331115,9,6.53469141807108,5,TRUE,0.000119395413552226,TRUE
"RHOB",9,9,0,1.27789570894382,3.85766381732355e-07,1,0.000564299063198089,1,"up",0.000564299063198089,9,6.41367562237459,5,TRUE,0.000151451881468123,TRUE
"NFIL3",9,9,0,1.58532794611054,5.70081165552162e-07,1,0.000801841085547791,1,"up",0.000801841085547791,9,6.24406330706092,5,TRUE,0.000215205639995941,TRUE
"TUBB6",9,8,1,1.96748834551793,6.64837389142743e-07,0.847810256943722,0.000896538285327209,1,"up",0.000896538285327209,8,6.17728456467254,5,TRUE,0.000240621363699386,TRUE
"KRT8",9,9,0,1.36999229681882,6.86438938724688e-07,1,0.000896538285327209,1,"up",0.000896538285327209,9,6.16339808880502,5,TRUE,0.000240621363699386,TRUE
"FOS",9,9,0,3.29803328452819,8.15737871177688e-07,1,0.00102867358444717,1,"up",0.00102867358444717,9,6.08844937481224,5,TRUE,0.000276085076055483,TRUE
"BIRC3",9,9,0,1.48639719452421,9.61288808175351e-07,1,0.00117181105716575,1,"up",0.00117181105716575,9,6.0171461139409,5,TRUE,0.000314501655074702,TRUE
"JUND",8,7,1,1.15119460952995,1.11152084355192e-06,0.521223279124476,0.00131123604028044,1,"up",0.00131123604028044,7,5.95408238887619,4,TRUE,0.00035192184127297,TRUE
"PLAUR",8,8,0,1.7289578313101,1.29041431266152e-06,1,0.0014747016066885,1,"up",0.0014747016066885,8,5.88927082860464,4,TRUE,0.000395794264961651,TRUE
"RASD1",9,9,0,1.58909884731144,1.41263914752454e-06,1,0.00156546101893856,1,"up",0.00156546101893856,9,5.84996876260537,5,TRUE,0.000420153128271314,TRUE
"CH25H",9,9,0,1.75315920573133,1.8657045208126e-06,1,0.00200672983312108,1,"up",0.00200672983312108,9,5.729157136121,5,TRUE,0.000538584996228696,TRUE
"PHLDA1",9,9,0,1.32627067989459,2.28951956906607e-06,1,0.00234745085629669,1,"up",0.00234745085629669,9,5.64025564010261,5,TRUE,0.000630030903870715,TRUE
"EGR1",9,9,0,2.63971984283965,2.31086220472193e-06,1,0.00234745085629669,1,"up",0.00234745085629669,9,5.63622595045905,5,TRUE,0.000630030903870715,TRUE
"MT1F",9,7,2,0.872985674550174,2.37857775036065e-06,0.049788591668422,0.00235093481974835,1,"up",0.00235093481974835,7,5.62368264790155,5,TRUE,0.000630965962697022,TRUE
"SERPINH1",9,7,2,0.930805855904892,2.50622354174836e-06,0.834171902476193,0.0024087851834093,1,"up",0.0024087851834093,7,5.600980194867,5,TRUE,0.000646492386523441,TRUE
"FOSB",8,7,1,3.39769722225477,2.56884391996069e-06,0.998675057966214,0.0024087851834093,1,"up",0.0024087851834093,7,5.59026228217158,4,TRUE,0.000646492386523441,TRUE
"ITPKC",9,8,1,0.904095313850154,2.84681587908052e-06,0.687020558453513,0.00251474278643141,1,"up",0.00251474278643141,8,5.54564062041368,5,TRUE,0.000674930282986718,TRUE
"IFRD1",7,6,1,1.56654240441144,2.91371116054986e-06,0.74532065050629,0.00251474278643141,1,"up",0.00251474278643141,6,5.53555350253059,4,TRUE,0.000674930282986718,TRUE
"ANXA1",8,8,0,1.27789113368404,2.92265764316808e-06,1,0.00251474278643141,1,"up",0.00251474278643141,8,5.53422205443077,4,TRUE,0.000674930282986718,TRUE
"BCL3",8,8,0,1.62814823739464,2.95690292087915e-06,1,0.00251474278643141,1,"up",0.00251474278643141,8,5.52916293371486,4,TRUE,0.000674930282986718,TRUE
"EDN1",9,9,0,1.13160588742088,3.46352092732757e-06,1,0.00287865818891748,1,"up",0.00287865818891748,9,5.4604821839199,5,TRUE,0.000772601315948184,TRUE
"CD14",9,8,1,1.23987310013382,3.65915781207072e-06,0.0348486424633309,0.00297367558194281,0.954206196543329,"up",0.00297367558194281,8,5.43661885986744,5,TRUE,0.000798102976121648,TRUE
"IER3",8,8,0,1.09902077982932,3.95670933446332e-06,1,0.00308536361502505,1,"up",0.00308536361502505,8,5.40266585245705,4,TRUE,0.000828078859214408,TRUE
"S100A10",8,7,1,1.11026478967045,3.96532922904505e-06,0.762301050660564,0.00308536361502505,1,"up",0.00308536361502505,7,5.40172074871922,4,TRUE,0.000828078859214408,TRUE
"HSPB1",9,9,0,1.76680242128003,4.38454077348287e-06,1,0.00334047200179726,1,"up",0.00334047200179726,9,5.35807588690145,5,TRUE,0.0008965472435778,TRUE
"CCN1",9,9,0,2.15460977348865,4.54695031603454e-06,1,0.00334445886790086,1,"up",0.00334445886790086,9,5.34227979125122,5,TRUE,0.000897617276140196,TRUE
"KRT18",7,7,0,1.44866973108221,4.66435254714086e-06,1,0.00334445886790086,1,"up",0.00334445886790086,7,5.33120863159992,4,TRUE,0.000897617276140196,TRUE
"HBEGF",9,9,0,2.10058956982688,4.71090933877425e-06,1,0.00334445886790086,1,"up",0.00334445886790086,9,5.32689525365795,5,TRUE,0.000897617276140196,TRUE
"JUN",9,9,0,2.22504141134223,4.7555882179613e-06,1,0.00334445886790086,1,"up",0.00334445886790086,9,5.32279575758772,5,TRUE,0.000897617276140196,TRUE
"IRF1",9,9,0,1.14449231789455,5.52697611047179e-06,1,0.0037082146359554,1,"up",0.0037082146359554,9,5.25751241258716,5,TRUE,0.000995245464913926,TRUE
"OASL",9,9,0,1.07242639458964,5.57091329877469e-06,1,0.0037082146359554,1,"up",0.0037082146359554,9,5.25407360049886,5,TRUE,0.000995245464913926,TRUE
"CSRP1",9,7,2,0.650218041451541,5.57702501989465e-06,0.395182959457914,0.0037082146359554,1,"up",0.0037082146359554,7,5.25359740715309,5,TRUE,0.000995245464913926,TRUE
"DNAJB1",9,7,2,1.39805097849977,5.97803647165516e-06,1,0.00390387131729338,1,"up",0.00390387131729338,7,5.22344143968311,5,TRUE,0.00104775764230885,TRUE
"LIF",8,7,1,1.14536358933123,6.10927419697574e-06,0.914872474329248,0.00391958170848075,1,"up",0.00391958170848075,7,5.21401038238785,4,TRUE,0.00105197414461959,TRUE
"LMNA",9,9,0,0.913604501258146,7.24975209605436e-06,1,0.00452491671736484,1,"up",0.00452491671736484,9,5.1396768437954,5,TRUE,0.0012144396385271,TRUE
"DUSP5",8,7,1,1.46371658125794,7.30024846389186e-06,0.643141033361436,0.00452491671736484,1,"up",0.00452491671736484,7,5.13666235841915,4,TRUE,0.0012144396385271,TRUE
"MCL1",9,8,1,0.630895762688066,8.12268437533827e-06,0.756376283537595,0.00495077612676868,1,"up",0.00495077612676868,8,5.09030042189948,5,TRUE,0.00132873578573242,TRUE
"THBD",9,8,1,0.858742870266341,8.28782270771725e-06,0.916859887379927,0.0049686176462495,1,"up",0.0049686176462495,8,5.08155954788403,5,TRUE,0.00133352426026631,TRUE
"CDKN1A",9,9,0,1.65712340289069,8.48224052944234e-06,1,0.00500315380905978,1,"up",0.00500315380905978,9,5.07148941648743,5,TRUE,0.00134279339994317,TRUE
"SBNO2",8,8,0,1.08588622749156,9.45678996688481e-06,1,0.00548944141411075,1,"up",0.00548944141411075,8,5.02425625643647,4,TRUE,0.00147330783372975,TRUE
"RRAD",9,8,1,1.39876279573708,9.75186577107253e-06,0.107310610622667,0.00556796810780025,1,"up",0.00556796810780025,8,5.01091228516692,5,TRUE,0.00149438356516433,TRUE
"CLIC1",8,7,1,0.760153867077679,9.89657990175052e-06,0.297201706023094,0.00556796810780025,1,"up",0.00556796810780025,7,5.00451486463687,4,TRUE,0.00149438356516433,TRUE
"PPRC1",9,8,1,0.738485292084221,1.00528718749274e-05,0.48429988749105,0.00557020491615298,1,"up",0.00557020491615298,8,4.99770985254569,5,TRUE,0.00149498390079413,TRUE
"SLC20A1",9,8,1,1.0770174187627,1.03406959840507e-05,0.406464150557431,0.00564416794233931,1,"up",0.00564416794233931,8,4.98545022992094,5,TRUE,0.00151483479229041,TRUE
"TIMP1",9,7,2,1.67369049637305,1.06684518607888e-05,0.545807229536521,0.00573743065513305,1,"up",0.00573743065513305,7,4.97189859811047,5,TRUE,0.0015398655149065,TRUE
"GADD45B",9,7,2,1.37428590625019,1.14191434785152e-05,0.635719011192092,0.00605214604361308,1,"up",0.00605214604361308,7,4.94236647021494,5,TRUE,0.00162433178611054,TRUE
"MAFF",9,7,2,2.1501274813935,1.20711628472204e-05,1,0.00630632036175503,1,"up",0.00630632036175503,7,4.91825089114495,5,TRUE,0.00169254947636384,TRUE
"DDIT3",9,9,0,1.29123372564191,1.28108183289886e-05,1,0.00659847360973399,1,"up",0.00659847360973399,9,4.89242312752206,5,TRUE,0.00177096030843695,TRUE
"HSPA1A",7,4,3,1.64022534507408,1.37894153986112e-05,1,0.00700387390454462,1,"up",0.00700387390454462,4,4.86045414532081,4,TRUE,0.00187976544635235,TRUE
"RELB",6,6,0,1.31478008074867,1.48739041884702e-05,1,0.00728741845170926,1,"up",0.00728741845170926,6,4.82757502038469,3,TRUE,0.0019558657944634,TRUE
"PVR",9,9,0,1.64549281003162,1.50133448594095e-05,1,0.00728741845170926,1,"up",0.00728741845170926,9,4.82352253945879,5,TRUE,0.0019558657944634,TRUE
"LCN2",9,8,1,2.43726258140418,1.50234369198982e-05,0.724851763237283,0.00728741845170926,1,"up",0.00728741845170926,8,4.82323070217885,5,TRUE,0.0019558657944634,TRUE
"EPHA2",9,9,0,1.35497940382773,1.51447580620701e-05,1,0.00728741845170926,1,"up",0.00728741845170926,9,4.8197376601421,5,TRUE,0.0019558657944634,TRUE
"SOX9",9,8,1,1.57649148784408,1.75169925931023e-05,0.174892348459755,0.00821277460422756,1,"up",0.00821277460422756,8,4.7565404536664,5,TRUE,0.00220422156796537,TRUE
"NFKB2",9,9,0,0.823206809772567,1.77755773466433e-05,1,0.00822851726033853,1,"up",0.00822851726033853,9,4.75017628458473,5,TRUE,0.00220844672983929,TRUE
"HILPDA",6,5,1,0.978399497191712,1.80213868165552e-05,0.332515086427329,0.00823802644851781,1,"up",0.00823802644851781,5,4.74421179140343,3,TRUE,0.00221099889505612,TRUE
"TPBG",9,7,2,1.18190970178584,1.88728208253048e-05,0.947906795438478,0.00852072910594316,1,"up",0.00852072910594316,7,4.72416318317861,5,TRUE,0.00228687328889341,TRUE
"UPP1",8,8,0,0.848206442598478,1.93030622675329e-05,1,0.0086086949649229,1,"up",0.0086086949649229,8,4.71437378838107,4,TRUE,0.00231048239214433,TRUE
"RND3",9,8,1,1.17163299863611,1.97588057410519e-05,0.0811526995693938,0.00870577742108756,1,"up",0.00870577742108756,8,4.70423930852092,5,TRUE,0.00233653829335451,TRUE
"MT2A",6,6,0,1.43672008508629,2.06104704828983e-05,1,0.00897291554237609,1,"up",0.00897291554237609,6,4.68591209430548,3,TRUE,0.00240823533082913,TRUE
"S100A9",9,6,3,0.996094286866461,2.67339042119587e-05,0.595823976754086,0.0115018691415451,1,"up",0.0115018691415451,6,4.57293761236606,5,TRUE,0.00308697964518088,TRUE
"KLF4",9,8,1,1.6168261161895,2.71957963728122e-05,0.665132453717909,0.0115645380622528,1,"up",0.0115645380622528,8,4.56549821924433,5,TRUE,0.00310379931859478,TRUE
"TEX10",9,7,2,0.215854006807076,2.85818660951908e-05,0.0277483797496451,0.012014239575875,0.902759785286824,"up",0.012014239575875,7,4.54390941975824,5,TRUE,0.00322449443361261,TRUE
"YWHAH",9,9,0,0.81005801758513,2.98918133565081e-05,1,0.0123213816029484,1,"up",0.0123213816029484,9,4.52444773812775,5,TRUE,0.00330692809496686,TRUE
"PPP1R15A",9,8,1,1.67373110508505,3.0300027301743e-05,0.908346380826207,0.0123213816029484,1,"up",0.0123213816029484,8,4.51855698017786,5,TRUE,0.00330692809496686,TRUE
"TUFT1",8,7,1,0.678547033438187,3.03693249963569e-05,0.694282499744298,0.0123213816029484,1,"up",0.0123213816029484,7,4.51756486081849,4,TRUE,0.00330692809496686,TRUE
"GADD45A",9,8,1,0.977204865596744,3.06602604831365e-05,0.0717812838732988,0.0123213816029484,1,"up",0.0123213816029484,8,4.51342415979123,5,TRUE,0.00330692809496686,TRUE
"RELA",9,8,1,0.581483066781795,3.25525479326284e-05,0.669939654290682,0.0129243174998207,1,"up",0.0129243174998207,8,4.48741501293991,5,TRUE,0.00346874969266447,TRUE
"DUSP10",9,9,0,1.18529718617304,3.28674194006924e-05,1,0.0129243174998207,1,"up",0.0129243174998207,9,4.48323439339437,5,TRUE,0.00346874969266447,TRUE
"TNFRSF1A",9,8,1,0.713648189740568,3.61703622926511e-05,0.900871811430417,0.0140718100961942,1,"up",0.0140718100961942,8,4.44164714119936,5,TRUE,0.00377672453087629,TRUE
"DCAF8",9,1,8,-0.40293624065763,0.654338327091136,6.36212505989553e-07,1,0.0143275056348847,"down",0.0143275056348847,8,-6.1963977982452,5,TRUE,0.00427852910277975,TRUE
"FHL3",9,5,4,0.139842111677627,4.13605073939489e-05,0.778823572604206,0.0159216184778601,1,"up",0.0159216184778601,5,4.38341414213267,5,TRUE,0.00427319347443799,TRUE
"FOSL2",7,7,0,1.32664083462583,4.24119513728539e-05,1,0.0161563027260965,1,"up",0.0161563027260965,7,4.37251174520202,4,TRUE,0.00433618023671418,TRUE
"CLU",9,9,0,1.55568162326549,4.70281024870678e-05,1,0.0177300794634234,1,"up",0.0177300794634234,9,4.32764254402706,5,TRUE,0.00475856521557289,TRUE
"MIDN",9,7,2,0.573823985708437,4.77074556742654e-05,0.963329606259266,0.017802669938856,1,"up",0.017802669938856,7,4.3214137445413,5,TRUE,0.00477804772900933,TRUE
"DEPP1",6,3,3,0.718744855186265,4.84728761122828e-05,0.48833505066959,0.0179055866608705,1,"up",0.0179055866608705,3,4.31450121088099,3,TRUE,0.00480566948527329,TRUE
"TRIB1",9,8,1,1.15094500555306,4.95330834978498e-05,0.153693275919179,0.0181142486351637,1,"up",0.0181142486351637,8,4.30510463578862,5,TRUE,0.00486167214531396,TRUE
"RASSF1",9,8,1,0.65230868006573,5.29347457215994e-05,0.947325355426,0.0191665708023653,1,"up",0.0191665708023653,8,4.27625916876498,5,TRUE,0.00514410425007424,TRUE
"EMP1",9,8,1,1.18615479377656,5.86777589250228e-05,0.905901605809553,0.0208334528532824,1,"up",0.0208334528532824,8,4.2315264814866,5,TRUE,0.00564629611616763,TRUE
"CEBPB",9,9,0,1.12788026891393,6.3445353807685e-05,1,0.0221736366954723,1,"up",0.0221736366954723,9,4.19760017639932,5,TRUE,0.00600839160867367,TRUE
"SPSB1",9,9,0,0.941247010214581,6.36650766481978e-05,1,0.0221736366954723,1,"up",0.0221736366954723,9,4.19609873372644,5,TRUE,0.00600839160867367,TRUE
"RHOJ",9,7,2,0.653598891973442,7.48841961460768e-05,0.377217778951977,0.0258350476703965,1,"up",0.0258350476703965,7,4.12560982783796,5,TRUE,0.00699988938260708,TRUE
"SPRY2",9,8,1,0.701815039466919,7.8648695256642e-05,0.141454433875422,0.026880212948929,1,"up",0.026880212948929,8,4.10430847771381,5,TRUE,0.00728242399947115,TRUE
"ADM",9,8,1,0.833195348753627,8.10441375797984e-05,0.352161869203902,0.0274424454749373,1,"up",0.0274424454749373,8,4.09127839486638,5,TRUE,0.00743409542379179,TRUE
"RGS2",9,8,1,0.874571157557746,8.18077865050714e-05,0.547918584432853,0.0274468876375272,1,"up",0.0274468876375272,8,4.08720535800046,5,TRUE,0.0074346613384007,TRUE
"CD83",9,7,2,0.967187720513963,8.31136551527761e-05,1,0.027631512444882,1,"up",0.027631512444882,7,4.08032761796908,5,TRUE,0.00748404151673851,TRUE
"NR4A1",9,8,1,1.25697861060633,8.43588568566633e-05,0.616162832711068,0.0277928233806142,1,"up",0.0277928233806142,8,4.07386931399902,5,TRUE,0.00752711072771046,TRUE
"PLK2",9,9,0,0.988802398832513,9.13375634050244e-05,1,0.0298233454796584,1,"up",0.0298233454796584,9,4.03935057816658,5,TRUE,0.00807638004342626,TRUE
"JMJD6",8,7,1,0.619593902560532,9.61333994821726e-05,0.209982612253247,0.0309465287803248,1,"up",0.0309465287803248,7,4.01712569983663,4,TRUE,0.00837922193528551,TRUE
"CNKSR3",9,8,1,0.539978189330753,9.6469901037928e-05,0.591797074767311,0.0309465287803248,1,"up",0.0309465287803248,8,4.01560816698941,5,TRUE,0.00837922193528551,TRUE
"YRDC",9,7,2,0.422545182264297,9.79581964215802e-05,0.427942726868071,0.0309596547515423,1,"up",0.0309596547515423,7,4.00895921958005,5,TRUE,0.00838149714563399,TRUE
"UGCG",9,9,0,0.791601339165032,9.82039910084471e-05,1,0.0309596547515423,1,"up",0.0309596547515423,9,4.00787086213438,5,TRUE,0.00838149714563399,TRUE
"DUSP14",8,6,2,1.19536856128668,0.000101037548764671,1,0.0314539587189814,1,"up",0.0314539587189814,6,3.99551719858585,4,TRUE,0.00851284921038192,TRUE
"PTP4A1",8,8,0,0.822865572744035,0.000101751543045649,1,0.0314539587189814,1,"up",0.0314539587189814,8,3.99245899604742,4,TRUE,0.00851284921038192,TRUE
"SOWAHB",7,5,2,0.340629669306704,0.00010268714694568,0.566667308289177,0.0314539587189814,1,"up",0.0314539587189814,5,3.98848391239001,4,TRUE,0.00851284921038192,TRUE
"BTG1",9,8,1,0.566146740354839,0.000103212333778446,0.106167536054004,0.0314539587189814,1,"up",0.0314539587189814,8,3.9862684018187,5,TRUE,0.00851284921038192,TRUE
"MRO",8,2,6,-1.0155777746069,1,6.90644531018767e-06,1,0.0324659247663797,"down",0.0324659247663797,6,-5.16074542287011,4,TRUE,0.0145426294884927,TRUE
"GHR",8,0,8,-0.954363288928158,1,8.51236742171102e-06,1,0.0324659247663797,"down",0.0324659247663797,8,-5.06994963906949,4,TRUE,0.0145426294884927,TRUE
"GIMAP7",7,2,5,-0.0836440123959232,0.518400532132859,8.64989114557184e-06,1,0.0324659247663797,"down",0.0324659247663797,5,-5.06298935787333,4,TRUE,0.0145426294884927,TRUE
"PLK3",8,7,1,1.42143927280683,0.000107425647965064,0.0839455618451162,0.0324674045130776,1,"up",0.0324674045130776,7,3.96889201807875,4,TRUE,0.0087865227898092,TRUE
"RCAN1",9,8,1,1.08741931238871,0.000108501180036362,0.950700623913266,0.0325236733928669,1,"up",0.0325236733928669,8,3.96456553849293,5,TRUE,0.00880114943848673,TRUE
"MAP2K3",8,7,1,0.718357789509364,0.000117679734825612,0.150788871492232,0.0349008968572708,1,"up",0.0349008968572708,7,3.92929831889969,4,TRUE,0.00944318514422945,TRUE
"CSF1",9,9,0,1.23149978207821,0.000118340476081531,1,0.0349008968572708,1,"up",0.0349008968572708,9,3.92686668789688,5,TRUE,0.00944318514422945,TRUE
"SPP1",8,8,0,1.78800353663603,0.000129103931529288,1,0.0377706462082084,1,"up",0.0377706462082084,8,3.88906053220704,4,TRUE,0.0102189926448384,TRUE
"CD93",9,7,2,0.929374690139539,0.000134234678826219,0.93420642572973,0.0387067678560674,1,"up",0.0387067678560674,7,3.87213527196691,5,TRUE,0.0104709341220853,TRUE
"THBS1",7,7,0,1.19912105611531,0.00013442055011541,1,0.0387067678560674,1,"up",0.0387067678560674,7,3.87153433158367,4,TRUE,0.0104709341220853,TRUE
"ZFP36",9,9,0,1.54447716359589,0.000141174695942916,1,0.0403340518018159,1,"up",0.0403340518018159,9,3.85024313895822,5,TRUE,0.0109104696116513,TRUE
"GPRC5A",9,9,0,1.4528541666947,0.000149294446814226,1,0.0423232396898934,1,"up",0.0423232396898934,9,3.825956346078,5,TRUE,0.0114478515272002,TRUE
"MIDEAS",8,7,1,0.744199108027558,0.00015777695557812,0.724864477856193,0.0443838712730141,1,"up",0.0443838712730141,7,3.80195642822482,4,TRUE,0.0120045024728624,TRUE
"PREPL",9,3,6,-0.307262217734582,1,1.42353849539983e-05,1,0.0457972670234344,"down",0.0457972670234344,6,-4.84663078414493,5,TRUE,0.0191084396742677,TRUE
"PIM1",9,8,1,0.859632213537027,0.000167934799133714,0.146057072721694,0.046880729803969,1,"up",0.046880729803969,8,3.77485930084952,5,TRUE,0.0126790773345954,TRUE
"CYP4A22",8,3,5,-0.731519004706002,0.115558201697645,1.70484220142165e-05,1,0.0479913079700195,"down",0.0479913079700195,5,-4.76831581269689,4,TRUE,0.0191084396742677,TRUE
"WSB1",9,6,3,0.4124477895945,0.000177565965934399,1,0.049035934594781,1,"up",0.049035934594781,6,3.7506402717968,5,TRUE,0.0132596774007212,TRUE
"EFHD2",9,7,2,0.874890327267315,0.000179606810611402,1,0.049035934594781,1,"up",0.049035934594781,7,3.74567719910039,5,TRUE,0.0132596774007212,TRUE
"STAT3",9,9,0,0.753159147706466,0.000179677747763212,1,0.049035934594781,1,"up",0.049035934594781,9,3.74550570487235,5,TRUE,0.0132596774007212,TRUE
"CD68",8,8,0,1.25295210635123,0.00018524197146562,1,0.0501041320937077,1,"up",0.0501041320937077,8,3.73226060560902,4,FALSE,0.0135470279593605,TRUE
"SPHK1",9,9,0,1.45848935834895,0.000186332019818,1,0.0501041320937077,1,"up",0.0501041320937077,9,3.72971250830626,5,FALSE,0.0135470279593605,TRUE
"VMP1",9,9,0,0.675709665450438,0.000194208962172221,1,0.0515813891016471,1,"up",0.0515813891016471,9,3.71173073255297,5,FALSE,0.0139442156655175,TRUE
"SDC4",9,6,3,0.355237806870189,0.000195815379044755,1,0.0515813891016471,1,"up",0.0515813891016471,6,3.7081532023593,5,FALSE,0.0139442156655175,TRUE
"LRRC59",9,9,0,0.574383238560229,0.000196057235032238,1,0.0515813891016471,1,"up",0.0515813891016471,9,3.70761712644921,5,FALSE,0.0139442156655175,TRUE
"NFKBIE",8,8,0,0.710702452885796,0.000202851456947286,1,0.0527359303032286,1,"up",0.0527359303032286,8,3.69282186869964,4,FALSE,0.0142548624918147,TRUE
"MAPK6",9,8,1,0.748101909232409,0.000203329673851661,0.697416363034117,0.0527359303032286,1,"up",0.0527359303032286,8,3.69179923597282,5,FALSE,0.0142548624918147,TRUE
"CLDN3",9,9,0,0.76691507653064,0.000206711411788885,1,0.0530732730983722,1,"up",0.0530732730983722,9,3.68463554688439,5,FALSE,0.0143439139166605,TRUE
"EIF4EBP1",9,8,1,1.04774438423769,0.00020817194222411,0.949951566031644,0.0530732730983722,1,"up",0.0530732730983722,8,3.68157780584559,5,FALSE,0.0143439139166605,TRUE
"VPS37B",9,7,2,0.594639117550891,0.000208984176269226,0.521932727730612,0.0530732730983722,1,"up",0.0530732730983722,7,3.67988659627709,5,FALSE,0.0143439139166605,TRUE
"ARF6",9,8,1,0.518255533862058,0.000211794060802679,0.0457431923366699,0.0534159227831307,1,"up",0.0534159227831307,8,3.67408622268363,5,FALSE,0.014435824352627,TRUE
"NOP58",9,8,1,0.689434339431788,0.000215952822666651,0.956735194845045,0.0540917446912289,1,"up",0.0540917446912289,8,3.66564111502218,5,FALSE,0.014617772099815,TRUE
"ANXA2",9,8,1,1.36839344742293,0.000222218558059142,0.441394898288666,0.0552825351579784,1,"up",0.0552825351579784,8,3.65321967480051,5,FALSE,0.0149388708722636,TRUE
"S100A6",9,6,3,1.2851591989818,0.000229279390110827,0.626032459885249,0.0566536979483307,1,"up",0.0566536979483307,6,3.63963498217987,5,FALSE,0.0153086885301889,TRUE
"BBC3",6,6,0,1.31301144789014,0.000235555166374647,1,0.0578137747269855,1,"up",0.0578137747269855,6,3.62790736604517,3,FALSE,0.0156214456619403,TRUE
"OSGIN1",9,5,4,0.064605027165773,0.00023809092470765,0.00192666623034822,0.058046567443725,0.452535438893115,"up",0.058046567443725,5,3.62325715824697,5,FALSE,0.0156836404429905,TRUE
"CCNL1",9,7,2,0.904642157127619,0.000242012101833376,0.891352890171193,0.058611805059911,1,"up",0.058611805059911,7,3.6161629165483,5,FALSE,0.0158356585299639,TRUE
"BRD2",9,8,1,0.648375726184503,0.000243718189849803,0.674849135726706,0.05863667238689,1,"up",0.05863667238689,8,3.61311205613907,5,FALSE,0.0158416823402372,TRUE
"F2RL1",9,7,2,0.763252001419822,0.000246542812709154,1,0.0589285664102861,1,"up",0.0589285664102861,7,3.60810765363275,5,FALSE,0.0159198533338181,TRUE
"S100A11",8,7,1,0.985934206765725,0.000249976711599924,0.476334130864454,0.059361352877982,1,"up",0.059361352877982,7,3.60210044930698,4,FALSE,0.0160360877408709,TRUE
"ATF4",9,9,0,0.826109515146036,0.00027138625683388,1,0.0640296478220323,1,"up",0.0640296478220323,9,3.56641214905776,5,FALSE,0.0172964682521074,TRUE
"TUBA1C",7,7,0,0.679521605404222,0.000279494457949669,1,0.0650771207513407,1,"up",0.0650771207513407,7,3.55362679924711,4,FALSE,0.0175772572185194,TRUE
"BLNK",9,8,1,0.610184637744679,0.000280646642759848,0.46517336606321,0.0650771207513407,1,"up",0.0650771207513407,8,3.55184014866823,5,FALSE,0.0175772572185194,TRUE
"CCL2",9,9,0,1.85062839334834,0.000281164481233575,1,0.0650771207513407,1,"up",0.0650771207513407,9,3.55103954346217,5,FALSE,0.0175772572185194,TRUE
"STX11",9,9,0,0.75485672571305,0.000283429333650644,1,0.065188746739648,1,"up",0.065188746739648,9,3.54755520425317,5,FALSE,0.0176067019606397,TRUE
"SLC35A5",9,2,7,-0.266153501596376,0.68804838980657,2.60840377773568e-05,1,0.065268058971786,"down",0.065268058971786,7,-4.58362517947801,5,FALSE,0.0250593077218177,TRUE
"TIPARP",8,6,2,0.79659863781457,0.000286320882068558,1,0.0654422166077949,1,"up",0.0654422166077949,6,3.54314697668526,4,FALSE,0.0176744619968736,TRUE
"ZYX",9,9,0,0.678365927298908,0.00029889169225517,1,0.0678911129551029,1,"up",0.0678911129551029,9,3.52448615608109,5,FALSE,0.0183351372467781,TRUE
"DNAJB4",9,8,1,1.08713082538399,0.000310145000674745,0.379099039417025,0.0700123621893545,1,"up",0.0700123621893545,8,3.50843521497256,5,FALSE,0.0189072868423765,TRUE
"LRRC8C",8,7,1,0.670323537462193,0.00032920552897567,0.319987084275105,0.0734088182600015,1,"up",0.0734088182600015,7,3.48253287946384,4,FALSE,0.019823020042308,TRUE
"SLC7A1",9,7,2,0.824937386336341,0.000331291508877916,1,0.0734262453313053,1,"up",0.0734262453313053,7,3.47978969510121,5,FALSE,0.0198269887782728,TRUE
"GLIPR2",8,6,2,1.12439489251704,0.000336889931537124,0.410451604959644,0.0742172578091122,1,"up",0.0742172578091122,6,3.47251196836946,4,FALSE,0.0200398465335568,TRUE
"PSTPIP1",8,7,1,0.391776266376195,0.000340252836934367,0.502518363064008,0.0745092589622144,1,"up",0.0745092589622144,7,3.46819824508185,4,FALSE,0.0201179614127157,TRUE
"DBT",9,0,9,-0.524682142956802,1,3.60721268642473e-05,1,0.0812344296982849,"down",0.0812344296982849,9,-4.44282825030224,5,FALSE,0.0303231316452579,TRUE
"VIM",9,7,2,1.05028103896829,0.000384410211505947,1,0.0836778656831696,1,"up",0.0836778656831696,7,3.41520508421426,5,FALSE,0.0225927318918016,TRUE
"PMAIP1",9,9,0,1.29980729291788,0.000390089215293045,1,0.0844116130370808,1,"up",0.0844116130370808,9,3.40883605636205,5,FALSE,0.0227900336196502,TRUE
"DNAJA4",9,7,2,0.632096901421731,0.000398337735887187,0.275503735259115,0.0856894764787907,1,"up",0.0856894764787907,7,3.39974854944987,5,FALSE,0.0231342300457558,TRUE
"KCNJ16",9,2,7,-0.430758715497117,1,4.29520747475804e-05,1,0.087934611210501,"down",0.087934611210501,7,-4.36701585326084,5,FALSE,0.0316777731169108,TRUE
"CLCF1",9,8,1,0.936905958557198,0.000415104155327924,0.902938090241343,0.088774029007849,1,"up",0.088774029007849,8,3.38184291917037,5,FALSE,0.0239661604973151,TRUE
"DOT1L",9,5,4,0.266678419266352,0.000418289244731956,1,0.0889351027898117,1,"up",0.0889351027898117,5,3.37852330207874,5,FALSE,0.0240088241932406,TRUE
"NR4A3",8,8,0,0.96382853189145,0.000421572876099564,1,0.0891151449650928,1,"up",0.0891151449650928,8,3.37512733930223,4,FALSE,0.0240566149937048,TRUE
"PPM1K",9,2,7,-0.980216985942712,0.291430742396773,5.01937210981777e-05,1,0.0897594275838851,"down",0.0897594275838851,7,-4.29935060681842,5,FALSE,0.0316777731169108,TRUE
"SLC16A9",6,0,6,-0.700612602859896,1,5.18149448752445e-05,1,0.0897594275838851,"down",0.0897594275838851,6,-4.28554495954542,3,FALSE,0.0316777731169108,TRUE
"BAG3",9,7,2,1.08370593642145,0.000429470310655111,0.125813482700543,0.0902628118428587,1,"up",0.0902628118428587,7,3.36706685363559,5,FALSE,0.0243656132894793,TRUE
"ABL2",9,6,3,0.441808559026739,0.000435401668454444,1,0.0907897723407114,1,"up",0.0907897723407114,6,3.36110991108002,5,FALSE,0.0245062517023694,TRUE
"TUBB4B",9,9,0,0.541886172174763,0.000436942847469653,1,0.0907897723407114,1,"up",0.0907897723407114,9,3.35957536543643,5,FALSE,0.0245062517023694,TRUE
"WNK1",9,2,7,-0.529661275572421,0.994256471716822,5.70222422217523e-05,1,0.0917243496309901,"down",0.0917243496309901,7,-4.2439557094154,5,FALSE,0.0319562149117737,TRUE
"ZFAND2A",9,8,1,1.3234261781712,0.000450074695462242,0.232177559578603,0.0929726027876983,1,"up",0.0929726027876983,8,3.34671540370237,5,FALSE,0.0250938367795999,TRUE
"HSPB8",9,8,1,0.595581757876231,0.000452532767191969,0.790557629772371,0.0929726027876983,1,"up",0.0929726027876983,8,3.34434996873405,5,FALSE,0.0250938367795999,TRUE
"KLF2",8,5,3,0.588975245743873,0.000459614775913261,0.795789501426964,0.0931927932476209,1,"up",0.0931927932476209,5,3.33760601785485,4,FALSE,0.0251509122681459,TRUE
"SERTAD1",9,9,0,1.0758980279289,0.000461204398925265,1,0.0931927932476209,1,"up",0.0931927932476209,9,3.33610655909664,5,FALSE,0.0251509122681459,TRUE
"SMOX",9,8,1,0.482796192548575,0.000461249537266048,0.0794893412019752,0.0931927932476209,1,"up",0.0931927932476209,8,3.33606405652481,5,FALSE,0.0251509122681459,TRUE
"SLC38A2",9,8,1,0.809492436861443,0.00046524786301145,0.871739797483891,0.0933280448350659,1,"up",0.0933280448350659,8,3.33231561300529,5,FALSE,0.0251851327643722,TRUE
"RGS16",9,9,0,1.22467594758339,0.000468637571627957,1,0.0933280448350659,1,"up",0.0933280448350659,9,3.3291628960707,5,FALSE,0.0251851327643722,TRUE
"ANGPTL4",9,7,2,0.856920738731405,0.000469575068352533,0.133274411506603,0.0933280448350659,1,"up",0.0933280448350659,7,3.32829496960618,5,FALSE,0.0251851327643722,TRUE
"CLDN7",8,8,0,0.872748049665049,0.000477476564612515,1,0.0943855025290793,1,"up",0.0943855025290793,8,3.32104793949225,4,FALSE,0.0254697417482165,TRUE
"HSPH1",9,7,2,0.954057478560648,0.000488943194891735,1,0.0961325410601654,1,"up",0.0961325410601654,7,3.31074159400131,5,FALSE,0.025940418691148,TRUE
"PLIN2",8,8,0,0.770882505818397,0.000492647779453108,1,0.096342937404279,1,"up",0.096342937404279,8,3.3074634703967,4,FALSE,0.0259964406200659,TRUE
"BCL10",9,8,1,0.577406805621584,0.000496019117248279,0.944256929528485,0.0964862719030297,1,"up",0.0964862719030297,8,3.30450158488996,5,FALSE,0.0260343723839137,TRUE
"TUBB2A",8,8,0,0.841354278892413,0.000511937224527812,1,0.0990557899522861,1,"up",0.0990557899522861,8,3.29078329041605,4,FALSE,0.0267269354188323,TRUE
"INHBB",9,7,2,0.931080022639357,0.000516787685168171,0.599511524611273,0.0994680297189474,1,"up",0.0994680297189474,7,3.28668784394337,5,FALSE,0.0268374133858497,TRUE
"MYL12A",7,5,2,0.615033832926565,0.000528854278114545,1,0.100208295081083,1,"up",0.100208295081083,5,3.27666397811409,4,FALSE,0.0273194986299698,TRUE
"TNFAIP3",6,6,0,1.27761083958758,0.000537971763343167,1,0.101231576227665,1,"up",0.101231576227665,6,3.26924051865716,3,FALSE,0.027594004154637,TRUE
"PHC2",9,9,0,0.502282039182746,0.000539791013519134,1,0.101231576227665,1,"up",0.101231576227665,9,3.26777434988609,5,FALSE,0.027594004154637,TRUE
"ZNF622",9,8,1,0.490800690372005,0.000549885116087807,0.847192390303774,0.102598462731281,1,"up",0.102598462731281,8,3.25972803534343,5,FALSE,0.0279643648414602,TRUE
"SERPINA3",9,9,0,1.39809113280718,0.000566712384810229,1,0.104670060164192,1,"up",0.104670060164192,9,3.24663729627686,5,FALSE,0.0286715569943938,TRUE
"PXDC1",9,9,0,0.807355964264301,0.000572169042087041,1,0.105146843563433,1,"up",0.105146843563433,9,3.24247564393461,5,FALSE,0.0287991751183811,TRUE
"PHKB",9,2,7,-0.288275953186032,1,7.54482180842192e-05,1,0.105811944526723,"down",0.105811944526723,7,-4.12235101281787,5,FALSE,0.0353153307175373,TRUE
"FAM171A1",6,3,3,-0.165749595022957,1,7.99195377904036e-05,1,0.105811944526723,"down",0.105811944526723,3,-4.0973470364895,3,FALSE,0.0353153307175373,TRUE
"PINK1",9,1,8,-0.609647417949595,0.925405742821473,8.55220784266769e-05,1,0.105811944526723,"down",0.105811944526723,8,-4.06792175309549,5,FALSE,0.0353153307175373,TRUE
"AKR1C2",9,3,6,-0.94814971189583,0.20981247195097,8.85861026210321e-05,1,0.105811944526723,"down",0.105811944526723,6,-4.05263440484435,5,FALSE,0.0353153307175373,TRUE
"PCMTD1",8,0,8,-0.577809909871355,1,8.92729549737002e-05,1,0.105811944526723,"down",0.105811944526723,8,-4.04928008965167,4,FALSE,0.0353153307175373,TRUE
"TUBB2B",9,6,3,0.695803448071483,0.000581296164567162,0.301149251781961,0.106290003691106,1,"up",0.106290003691106,6,3.23560254253959,5,FALSE,0.029109295179728,TRUE
"CCDC120",7,7,0,0.791728445446961,0.000601183764589179,1,0.109379553587195,1,"up",0.109379553587195,7,3.22099275636946,4,FALSE,0.0299523789311817,TRUE
"PROCR",9,6,3,0.886030995319876,0.000619562843062891,1,0.111612872762611,1,"up",0.111612872762611,6,3.20791463600101,5,FALSE,0.030712168205365,TRUE
"CD69",9,9,0,0.695872384580294,0.000625871510927046,1,0.112196672326481,1,"up",0.112196672326481,9,3.2035148166665,5,FALSE,0.0308689893454722,TRUE
"C11orf96",7,7,0,1.24304429998112,0.000649837945115195,1,0.115924749526159,1,"up",0.115924749526159,7,3.18719493307567,4,FALSE,0.0318907971565282,TRUE
"ETS2",9,8,1,0.773377272121086,0.000655618985779788,0.331235508446505,0.116388283058092,1,"up",0.116388283058092,8,3.18334847837791,5,FALSE,0.0320144295792469,TRUE
"FRAS1",9,1,8,-0.637747725137042,0.382784609282031,0.000114975724733003,1,0.118060205990087,"down",0.118060205990087,8,-3.93939384423227,5,FALSE,0.040822210610997,TRUE
"BHLHE40",9,7,2,0.803786259161095,0.000670827654239121,1,0.118512885582245,1,"up",0.118512885582245,7,3.17338904231536,5,FALSE,0.0325949179522623,TRUE
"ITGA6",9,5,4,0.493354067280533,0.000715930569978434,0.504221401955696,0.125872985308228,1,"up",0.125872985308228,5,3.1451290929677,5,FALSE,0.0346150667208785,TRUE
"SH3BGRL3",9,7,2,0.835856497477233,0.000750017600394225,1,0.128829528089532,1,"up",0.128829528089532,7,3.12492854505576,5,FALSE,0.0359258044747241,TRUE
"SFN",8,8,0,1.24851982263925,0.000750360664016144,1,0.128829528089532,1,"up",0.128829528089532,8,3.12472994095162,4,FALSE,0.0359258044747241,TRUE
"HMGA1",9,9,0,1.24436700846749,0.000788506918740886,1,0.133486910073618,1,"up",0.133486910073618,9,3.10319449160863,5,FALSE,0.037557217757863,TRUE
"LITAF",9,8,1,0.844073760906465,0.000792088036258548,0.296512222563158,0.133486910073618,1,"up",0.133486910073618,8,3.10122654626848,5,FALSE,0.037557217757863,TRUE
"ARID5A",8,8,0,0.861492914460129,0.000798560610503519,1,0.133960373972999,1,"up",0.133960373972999,8,3.09769211545756,4,FALSE,0.0376820788081348,TRUE
"CSRNP1",8,7,1,1.72492616813439,0.000826090000046763,0.47581057584126,0.137409069081947,1,"up",0.137409069081947,7,3.08297263501083,4,FALSE,0.0386352856060325,TRUE
"AKAP12",9,9,0,1.52310374958421,0.000826633721575836,1,0.137409069081947,1,"up",0.137409069081947,9,3.08268688214699,5,FALSE,0.0386352856060325,TRUE
"CTPS1",9,7,2,0.846735021688569,0.000832804194938832,1,0.137808368366123,1,"up",0.137808368366123,7,3.07945709589642,5,FALSE,0.0387392093522495,TRUE
"ELL",9,9,0,0.719242706307147,0.000840962269138499,1,0.138102996883439,1,"up",0.138102996883439,9,3.07522348894946,5,FALSE,0.0389341729792187,TRUE
"CCL20",8,8,0,1.49023955825729,0.000858254127766416,1,0.139494904232968,1,"up",0.139494904232968,8,3.06638409916133,4,FALSE,0.0393633844113428,TRUE
"SOWAHC",7,6,1,0.612308975588071,0.000863767610728409,0.958269407793802,0.139769829753708,1,"up",0.139769829753708,6,3.06360308501375,4,FALSE,0.0394319958106946,TRUE
"IRAK3",9,7,2,0.659224503512118,0.000891479477874432,1,0.143081351202245,1,"up",0.143081351202245,7,3.04988864996308,5,FALSE,0.0403392078042434,TRUE
"IL1RN",8,6,2,0.743143149955732,0.000892851586615639,1,0.143081351202245,1,"up",0.143081351202245,6,3.04922072528902,4,FALSE,0.0403392078042434,TRUE
"TBRG1",9,8,1,0.448587198433556,0.000895970178433526,0.583614605707272,0.143081351202245,1,"up",0.143081351202245,8,3.04770644520093,5,FALSE,0.0403392078042434,TRUE
"MAP7D1",8,6,2,0.574658280697344,0.000914235552828214,1,0.145363452899686,1,"up",0.145363452899686,6,3.03894189385736,4,FALSE,0.0409736162146526,TRUE
"SLCO4C1",9,1,8,-1.22153166194354,0.971826672791303,0.000148611990553487,1,0.145510522924545,"down",0.145510522924545,8,-3.82794614871049,5,FALSE,0.04997078182361,TRUE
"CASP3",9,8,1,0.574417678527649,0.000930534869547563,0.893820577164366,0.146679569738596,1,"up",0.146679569738596,8,3.03126734809114,5,FALSE,0.0415145442936788,TRUE
"CREB5",9,6,3,0.530348951953464,0.000948668726109668,1,0.148411797011115,1,"up",0.148411797011115,6,3.02288541617052,5,FALSE,0.0419852409809397,TRUE
"DUSP1",9,9,0,1.32924938678788,0.00094964070277826,1,0.148411797011115,1,"up",0.148411797011115,9,3.02244067925443,5,FALSE,0.0419852409809397,TRUE
"CX3CL1",9,7,2,0.487126506280351,0.000955530278992935,1,0.148696775756475,1,"up",0.148696775756475,7,3.01975554639945,5,FALSE,0.0420561869431196,TRUE
"ALDH1A2",9,6,3,0.873463632768314,0.000989068416583885,0.532653122108535,0.152617012634906,1,"up",0.152617012634906,6,3.00477366601944,5,FALSE,0.0433379754855841,TRUE
"CEBPD",6,6,0,1.0070427559018,0.000993644670282403,1,0.152678931059779,1,"up",0.152678931059779,6,3.00276889258912,3,FALSE,0.0433449886169857,TRUE
"PLSCR1",9,8,1,0.535990331588192,0.00103193742921865,0.621392722710163,0.157899379859942,1,"up",0.157899379859942,8,2.98634663504301,5,FALSE,0.0448162206538986,TRUE
"C15orf48",8,7,1,1.29145910772075,0.00104346979479509,0.713102178582387,0.158998709981902,1,"up",0.158998709981902,7,2.98152011789098,4,FALSE,0.0451174274709859,TRUE
"HSP90AB1",8,8,0,0.646437068924683,0.00107508891272245,1,0.162462816273802,1,"up",0.162462816273802,8,2.9685556169503,4,FALSE,0.046280691571802,TRUE
"MYADM",9,9,0,0.766048965737442,0.00108502725230984,1,0.163289903773542,1,"up",0.163289903773542,9,2.96455935363191,5,FALSE,0.046496951307769,TRUE
"C5AR1",6,6,0,0.675113126519691,0.00108958724409443,1,0.163304120969399,1,"up",0.163304120969399,6,2.96273798972996,3,FALSE,0.046496951307769,TRUE
"ZFP36L1",9,9,0,0.64522827124616,0.00110432366282312,1,0.164837209589557,1,"up",0.164837209589557,9,2.95690362191734,5,FALSE,0.04692180411519,TRUE
"IHH",9,5,4,0.0911390327393997,0.0011095571848422,0.0731664024348526,0.164945147356419,1,"up",0.164945147356419,5,2.95485030999671,5,FALSE,0.0469409645225265,TRUE
"ADAMTS4",9,9,0,1.24804514714577,0.00113327080010393,1,0.167591806143002,1,"up",0.167591806143002,9,2.9456663011354,5,FALSE,0.047659514047219,TRUE
"ADAMTS9",9,6,3,0.392591627175835,0.0011378550978922,1,0.167591806143002,1,"up",0.167591806143002,6,2.94391304039494,5,FALSE,0.047659514047219,TRUE
"SRXN1",7,7,0,1.18078230067586,0.00114836508441914,1,0.167982844548832,1,"up",0.167982844548832,7,2.93992002052473,4,FALSE,0.0477593360320927,TRUE
"VASP",9,7,2,0.671748205030446,0.00117260802822021,1,0.170845719490092,1,"up",0.170845719490092,7,2.93084713675893,5,FALSE,0.0485618050505544,TRUE
"DUSP6",9,9,0,0.711602527315019,0.001179740182795,1,0.171202771765132,1,"up",0.171202771765132,9,2.92821362795043,5,FALSE,0.048651890311483,TRUE
"SLC19A2",9,5,4,0.272440832258436,0.00121282635357503,1,0.175108692814819,1,"up",0.175108692814819,5,2.9162013747992,5,FALSE,0.0497388253434362,TRUE
"GEM",9,8,1,1.05442644814531,0.00121623210213191,0.91991408407487,0.175108692814819,1,"up",0.175108692814819,8,2.91498353768149,5,FALSE,0.0497388253434362,TRUE
"SLC25A25",9,6,3,0.546939798283567,0.00122146053402997,0.00541646474773956,0.175171810703827,0.618663087672416,"up",0.175171810703827,6,2.91312056072485,5,FALSE,0.0497453740311375,TRUE
