"human","signature_main","direction_main","FDR_main","signature_one_to_one","direction_one_to_one","FDR_one_to_one","signature_joint","direction_joint","FDR_joint","signature_gse43974_paired","direction_gse43974_paired","FDR_gse43974_paired"
"ADAMTS1",TRUE,"up",5.1451550874559e-09,TRUE,"up",4.85264397805188e-09,TRUE,"up",1.73409811811555e-08,TRUE,"up",4.27496298888085e-09
"MYC",TRUE,"up",1.14967120528356e-07,TRUE,"up",1.01175945492847e-07,TRUE,"up",3.87479607445545e-07,TRUE,"up",1.15119394860182e-07
"KLF6",TRUE,"up",5.07092841013287e-07,TRUE,"up",3.46319755601872e-07,TRUE,"up",1.70908111876918e-06,TRUE,"up",5.07764487160324e-07
"TNFRSF12A",TRUE,"up",5.07092841013287e-07,TRUE,"up",4.63081244708684e-07,TRUE,"up",1.70908111876918e-06,TRUE,"up",5.07764487160324e-07
"CLDN4",TRUE,"up",5.07092841013287e-07,TRUE,"up",0.00143799938590576,TRUE,"up",1.70908111876918e-06,TRUE,"up",5.07764487160324e-07
"TGIF1",TRUE,"up",5.07092841013287e-07,TRUE,"up",4.63081244708684e-07,TRUE,"up",1.70908111876918e-06,TRUE,"up",5.07764487160324e-07
"GDF15",TRUE,"up",1.24869197865969e-06,TRUE,"up",1.38487153294025e-06,TRUE,"up",4.20853088681227e-06,TRUE,"up",1.25034587532016e-06
"NFKBIZ",TRUE,"up",1.24869197865969e-06,TRUE,"up",1.13849840468717e-06,TRUE,"up",4.20853088681227e-06,TRUE,"up",1.25034587532016e-06
"SERPINE1",TRUE,"up",1.24869197865969e-06,TRUE,"up",1.71676845115741e-06,TRUE,"up",4.20853088681227e-06,TRUE,"up",1.25034587532016e-06
"ELF3",TRUE,"up",1.93678711974403e-06,TRUE,"up",2.01409273328777e-06,TRUE,"up",6.52765337963654e-06,TRUE,"up",1.93935240069734e-06
"ICAM1",TRUE,"up",2.07091228443317e-06,TRUE,"up",2.2788313929627e-06,TRUE,"up",6.9797023300101e-06,TRUE,"up",2.07365521461122e-06
"SOCS3",TRUE,"up",2.07091228443317e-06,TRUE,"up",2.2788313929627e-06,TRUE,"up",6.9797023300101e-06,TRUE,"up",2.07365521461122e-06
"CXCL2",TRUE,"up",3.36666291435221e-06,NA,NA,NA,TRUE,"up",1.13468374128142e-05,TRUE,"up",3.37112207053016e-06
"RND1",TRUE,"up",6.00416257682188e-06,TRUE,"up",6.15928115779888e-06,TRUE,"up",2.02361383638581e-05,TRUE,"up",6.01211511003621e-06
"LGALS3",TRUE,"up",7.42569427404462e-06,TRUE,"up",7.97361743523942e-06,TRUE,"up",2.50271998558733e-05,TRUE,"up",7.43552963069899e-06
"IER5",TRUE,"up",8.40862531365962e-06,TRUE,"up",9.06352021291576e-06,TRUE,"up",2.83400229623903e-05,TRUE,"up",8.4197625657307e-06
"EGR2",TRUE,"up",9.60853947292642e-06,TRUE,"up",1.0015309408805e-05,TRUE,"up",3.23841554523083e-05,TRUE,"up",9.62126601527466e-06
"FOSL1",TRUE,"up",2.84884606060469e-05,TRUE,"up",3.02274467456901e-05,TRUE,"up",9.6016126016101e-05,TRUE,"up",2.85261936664522e-05
"ATF3",TRUE,"up",5.86616017371793e-05,TRUE,"up",5.58482182172312e-05,TRUE,"up",0.000197710217571665,TRUE,"up",5.8739299222924e-05
"JUNB",TRUE,"up",6.50199549153934e-05,TRUE,"up",7.66911324670129e-05,TRUE,"up",0.000219140102761204,TRUE,"up",6.51060740609767e-05
"KLF5",TRUE,"up",6.50199549153934e-05,TRUE,"up",6.72748398683271e-05,TRUE,"up",0.000219140102761204,TRUE,"up",6.51060740609767e-05
"BTG2",TRUE,"up",7.31593921411924e-05,TRUE,"up",8.48606171258229e-05,TRUE,"up",0.000246572867247136,TRUE,"up",7.3256291998333e-05
"TSC22D1",TRUE,"up",0.000107175820467684,TRUE,"up",0.000121469985334639,TRUE,"up",0.000361220187577279,TRUE,"up",0.00010731777519678
"IER2",TRUE,"up",0.000119395413552226,TRUE,"up",0.00014101029218453,TRUE,"up",0.00040240451149339,TRUE,"up",0.000119553553172825
"RHOB",TRUE,"up",0.000151451881468123,TRUE,"up",0.000148535749173402,TRUE,"up",0.000510446076308252,TRUE,"up",0.000151652479986623
"NFIL3",TRUE,"up",0.000215205639995941,TRUE,"up",0.000204617480670049,TRUE,"up",0.000725318652171751,TRUE,"up",0.000215490680578717
"TUBB6",TRUE,"up",0.000240621363699386,TRUE,"up",0.000176164007283759,TRUE,"up",0.000783013796310782,TRUE,"up",0.000240940067492366
"KRT8",TRUE,"up",0.000240621363699386,TRUE,"up",0.000215599014037639,TRUE,"up",0.000783013796310782,TRUE,"up",0.000240940067492366
"FOS",TRUE,"up",0.000276085076055483,TRUE,"up",0.000235709435526793,TRUE,"up",0.000899486959285264,TRUE,"up",0.000276450751652908
"BIRC3",TRUE,"up",0.000314501655074702,TRUE,"up",0.000330657291444338,TRUE,"up",0.00102578818627228,TRUE,"up",0.000314918213558245
"JUND",TRUE,"up",0.00035192184127297,TRUE,"up",0.00034685984541519,TRUE,"up",0.00114903467202179,TRUE,"up",0.00035238796291704
"PLAUR",TRUE,"up",0.000395794264961651,TRUE,"up",0.00034685984541519,TRUE,"up",0.00129354258978313,TRUE,"up",0.00039631849577617
"RASD1",TRUE,"up",0.000420153128271314,TRUE,"up",0.000476274525951378,TRUE,"up",0.00137441479412093,TRUE,"up",0.000420709622480945
"CH25H",TRUE,"up",0.000538584996228696,TRUE,"up",0.00053971333591132,TRUE,"up",0.00176335730138517,TRUE,"up",0.000539298353839595
"PHLDA1",TRUE,"up",0.000630030903870715,TRUE,"up",0.000578921080852422,TRUE,"up",0.00206603572249193,TRUE,"up",0.000630865381889087
"EGR1",TRUE,"up",0.000630030903870715,TRUE,"up",0.00061119004083174,TRUE,"up",0.00206603572249193,TRUE,"up",0.000630865381889087
"MT1F",TRUE,"up",0.000630965962697022,NA,NA,NA,TRUE,"up",0.00207061452584027,TRUE,"up",0.000631801679203905
"SERPINH1",TRUE,"up",0.000646492386523441,TRUE,"up",0.000578921080852422,TRUE,"up",0.00212443392180749,TRUE,"up",0.000647348667830095
"FOSB",TRUE,"up",0.000646492386523441,TRUE,"up",0.00066054967130767,TRUE,"up",0.00212443392180749,TRUE,"up",0.000647348667830095
"ITPKC",TRUE,"up",0.000674930282986718,TRUE,"up",0.000692296909399876,TRUE,"up",0.00222305337778824,TRUE,"up",0.000675824230381403
"IFRD1",TRUE,"up",0.000674930282986718,TRUE,"up",0.000701847444578931,TRUE,"up",0.00222305337778824,TRUE,"up",0.000675824230381403
"ANXA1",TRUE,"up",0.000674930282986718,TRUE,"up",0.000751055828632453,TRUE,"up",0.00222305337778824,TRUE,"up",0.000675824230381403
"BCL3",TRUE,"up",0.000674930282986718,TRUE,"up",0.000701847444578931,TRUE,"up",0.00222305337778824,TRUE,"up",0.000675824230381403
"EDN1",TRUE,"up",0.000772601315948184,TRUE,"up",0.000788179570808529,TRUE,"up",0.00254607271724436,TRUE,"up",0.00077362462894944
"CD14",TRUE,"up",0.000798102976121648,TRUE,"up",0.000811342337167513,TRUE,"up",0.0026314117483326,TRUE,"up",0.000799160066156246
"IER3",TRUE,"up",0.000828078859214408,TRUE,"up",0.000838482719613972,TRUE,"up",0.00273277272701688,TRUE,"up",0.00082917565240542
"S100A10",TRUE,"up",0.000828078859214408,TRUE,"up",0.000894805325983914,TRUE,"up",0.00273277272701688,TRUE,"up",0.00082917565240542
"HSPB1",TRUE,"up",0.0008965472435778,TRUE,"up",0.000894805325983914,TRUE,"up",0.00296001242422068,TRUE,"up",0.000897734723370618
"CCN1",TRUE,"up",0.000897617276140196,TRUE,"up",0.000909852133780234,TRUE,"up",0.00296820487264453,TRUE,"up",0.000898806173194686
"KRT18",TRUE,"up",0.000897617276140196,TRUE,"up",0.000937074207145,TRUE,"up",0.00296820487264453,TRUE,"up",0.000898806173194686
"HBEGF",TRUE,"up",0.000897617276140196,TRUE,"up",0.000950509316021622,TRUE,"up",0.00296820487264453,TRUE,"up",0.000898806173194686
"JUN",TRUE,"up",0.000897617276140196,TRUE,"up",0.000936648513482293,TRUE,"up",0.00296820487264453,TRUE,"up",0.000898806173194686
"IRF1",TRUE,"up",0.000995245464913926,TRUE,"up",0.000965343733106366,TRUE,"up",0.00329442835103777,TRUE,"up",0.00099656367082772
"OASL",TRUE,"up",0.000995245464913926,TRUE,"up",0.000950509316021622,TRUE,"up",0.00329442835103777,TRUE,"up",0.00099656367082772
"CSRP1",TRUE,"up",0.000995245464913926,TRUE,"up",0.000950509316021622,TRUE,"up",0.00329442835103777,TRUE,"up",0.00099656367082772
"DNAJB1",TRUE,"up",0.00104775764230885,TRUE,"up",0.00102479043737244,TRUE,"up",0.00346935871021671,TRUE,"up",0.00104914540077548
"LIF",TRUE,"up",0.00105197414461959,TRUE,"up",0.00102824638620735,TRUE,"up",0.00348439293855099,TRUE,"up",0.0010533674878575
"LMNA",TRUE,"up",0.0012144396385271,TRUE,"up",0.000950509316021622,TRUE,"up",0.00395888883910726,TRUE,"up",0.00121604816784965
"DUSP5",TRUE,"up",0.0012144396385271,TRUE,"up",0.00120547662330242,TRUE,"up",0.00395888883910726,TRUE,"up",0.00121604816784965
"MCL1",TRUE,"up",0.00132873578573242,TRUE,"up",0.00140832786016293,TRUE,"up",0.00433214022015693,TRUE,"up",0.00133049570068041
"THBD",TRUE,"up",0.00133352426026631,TRUE,"up",0.00140832786016293,TRUE,"up",0.00433214022015693,TRUE,"up",0.00133529051756467
"CDKN1A",TRUE,"up",0.00134279339994317,TRUE,"up",0.00137754562422891,TRUE,"up",0.00433214022015693,TRUE,"up",0.00134457193424773
"SBNO2",TRUE,"up",0.00147330783372975,TRUE,"up",0.00142684697157181,TRUE,"up",0.00466911361350074,TRUE,"up",0.00147525923483403
"RRAD",TRUE,"up",0.00149438356516433,TRUE,"up",0.00145601647488417,TRUE,"up",0.00474399587804529,TRUE,"up",0.00149636288114468
"CLIC1",TRUE,"up",0.00149438356516433,FALSE,"up",0.0678332505320139,TRUE,"up",0.00474462120507112,TRUE,"up",0.00149636288114468
"PPRC1",TRUE,"up",0.00149498390079413,TRUE,"up",0.00156936438289804,TRUE,"up",0.00475070002317999,TRUE,"up",0.00149696401192101
"SLC20A1",TRUE,"up",0.00151483479229041,TRUE,"up",0.00151942575752948,TRUE,"up",0.00481789046693517,TRUE,"up",0.00151684119598881
"TIMP1",TRUE,"up",0.0015398655149065,TRUE,"up",0.00151987753728746,TRUE,"up",0.00490156093826242,TRUE,"up",0.00154190507187989
"GADD45B",TRUE,"up",0.00162433178611054,TRUE,"up",0.00151987753728746,TRUE,"up",0.00517459268862033,TRUE,"up",0.00162648321893982
"MAFF",TRUE,"up",0.00169254947636384,TRUE,"up",0.00157880812787402,TRUE,"up",0.00539613604035206,TRUE,"up",0.00169479126374975
"DDIT3",TRUE,"up",0.00177096030843695,TRUE,"up",0.00173633986037299,TRUE,"up",0.00565042493763925,TRUE,"up",0.00177330595122958
"HSPA1A",TRUE,"up",0.00187976544635235,NA,NA,NA,TRUE,"up",0.00600202449192183,TRUE,"up",0.00188225520191043
"RELB",TRUE,"up",0.0019558657944634,TRUE,"up",0.00189452737000788,TRUE,"up",0.00618504440362073,TRUE,"up",0.00195845634518454
"PVR",TRUE,"up",0.0019558657944634,TRUE,"up",0.00189452737000788,TRUE,"up",0.00618504440362073,TRUE,"up",0.00195845634518454
"LCN2",TRUE,"up",0.0019558657944634,TRUE,"up",0.00189452737000788,TRUE,"up",0.00618504440362073,TRUE,"up",0.00195845634518454
"EPHA2",TRUE,"up",0.0019558657944634,TRUE,"up",0.00189452737000788,TRUE,"up",0.00618504440362073,TRUE,"up",0.00195845634518454
"SOX9",TRUE,"up",0.00220422156796537,TRUE,"up",0.00183261696934915,TRUE,"up",0.00689835851166456,TRUE,"up",0.00220714106673089
"NFKB2",TRUE,"up",0.00220844672983929,TRUE,"up",0.0021386561370556,TRUE,"up",0.00691783645443481,TRUE,"up",0.0022113718248457
"HILPDA",TRUE,"up",0.00221099889505612,TRUE,"up",0.00231879379422435,TRUE,"up",0.00693194739408892,TRUE,"up",0.00221392737041381
"TPBG",TRUE,"up",0.00228687328889341,TRUE,"up",0.00238097150572596,TRUE,"up",0.00717601049311589,TRUE,"up",0.00228990226013698
"UPP1",TRUE,"up",0.00231048239214433,TRUE,"up",0.00237993165013695,TRUE,"up",0.00725619658874986,TRUE,"up",0.00231354263372333
"RND3",TRUE,"up",0.00233653829335451,TRUE,"up",0.00250174280617159,TRUE,"up",0.00734405948217974,TRUE,"up",0.00233963304606094
"MT2A",TRUE,"up",0.00240823533082913,NA,NA,NA,TRUE,"up",0.00757549292860307,TRUE,"up",0.0024114250464991
"S100A9",TRUE,"up",0.00308697964518088,TRUE,"up",0.00306882132774798,TRUE,"up",0.00961258207969125,TRUE,"up",0.00304946533356738
"KLF4",TRUE,"up",0.00310379931859478,TRUE,"up",0.00329668723813746,TRUE,"up",0.00967351552701748,TRUE,"up",0.00304946533356738
"TEX10",TRUE,"up",0.00322449443361261,TRUE,"up",0.00306882132774798,TRUE,"up",0.010058384366265,TRUE,"up",0.00315620876385994
"YWHAH",TRUE,"up",0.00330692809496686,TRUE,"up",0.00319817861416877,TRUE,"up",0.0103494022120628,TRUE,"up",0.00324423615287169
"PPP1R15A",TRUE,"up",0.00330692809496686,TRUE,"up",0.00341858091451921,TRUE,"up",0.0103494022120628,TRUE,"up",0.00324423615287169
"TUFT1",TRUE,"up",0.00330692809496686,TRUE,"up",0.00306882132774798,TRUE,"up",0.0103494022120628,TRUE,"up",0.00324423615287169
"GADD45A",TRUE,"up",0.00330692809496686,TRUE,"up",0.00330025617781854,TRUE,"up",0.0103494022120628,TRUE,"up",0.00304946533356738
"RELA",TRUE,"up",0.00346874969266447,TRUE,"up",0.00338683026287383,TRUE,"up",0.010872542337749,TRUE,"up",0.00343639359436175
"DUSP10",TRUE,"up",0.00346874969266447,TRUE,"up",0.00341858091451921,TRUE,"up",0.010872542337749,TRUE,"up",0.00343639359436175
"TNFRSF1A",TRUE,"up",0.00377672453087629,TRUE,"up",0.00353630045772224,TRUE,"up",0.0117305449474598,TRUE,"up",0.00374191916433869
"DCAF8",TRUE,"down",0.00427852910277975,TRUE,"down",0.00408321186344095,TRUE,"down",0.000779478136967942,TRUE,"down",0.00427025834020188
"FHL3",TRUE,"up",0.00427319347443799,TRUE,"up",0.00446442351205596,TRUE,"up",0.0132835493649692,TRUE,"up",0.00423428194445552
"FOSL2",TRUE,"up",0.00433618023671418,TRUE,"up",0.00446442351205596,TRUE,"up",0.0134902629943655,TRUE,"up",0.00429716142363307
"CLU",TRUE,"up",0.00475856521557289,TRUE,"up",0.00446442351205596,TRUE,"up",0.0146763172667189,TRUE,"up",0.00471624684941737
"MIDN",TRUE,"up",0.00477804772900933,TRUE,"up",0.00465816374149424,TRUE,"up",0.0147491834925673,TRUE,"up",0.00473604923602707
"DEPP1",TRUE,"up",0.00480566948527329,TRUE,"up",0.00465816374149424,TRUE,"up",0.0148470624240214,TRUE,"up",0.00476391426431516
"TRIB1",TRUE,"up",0.00486167214531396,TRUE,"up",0.00498852454921336,TRUE,"up",0.0150326091936594,TRUE,"up",0.00481991232293928
"RASSF1",TRUE,"up",0.00514410425007424,TRUE,"up",0.00465816374149424,TRUE,"up",0.015634655254201,TRUE,"up",0.0051004184407047
"EMP1",TRUE,"up",0.00564629611616763,TRUE,"up",0.00543180014368936,TRUE,"up",0.0170268444319277,TRUE,"up",0.00290099816616855
"CEBPB",TRUE,"up",0.00600839160867367,TRUE,"up",0.00465816374149424,TRUE,"up",0.0181555235820895,TRUE,"up",0.0060163497432547
"SPSB1",TRUE,"up",0.00600839160867367,TRUE,"up",0.00487305972187561,TRUE,"up",0.0181555235820895,TRUE,"up",0.0060163497432547
"RHOJ",TRUE,"up",0.00699988938260708,TRUE,"up",0.00682917521432583,TRUE,"up",0.0211510767307286,TRUE,"up",0.00700916075927278
"SPRY2",TRUE,"up",0.00728242399947115,TRUE,"up",0.00682917521432583,TRUE,"up",0.0218630154545355,TRUE,"up",0.00729206959417244
"ADM",TRUE,"up",0.00743409542379179,TRUE,"up",0.00693445259009359,TRUE,"up",0.0221565295135515,TRUE,"up",0.00744394190779681
"RGS2",TRUE,"up",0.0074346613384007,TRUE,"up",0.00748193689671338,TRUE,"up",0.022181980144162,TRUE,"up",0.00744450857196149
"CD83",TRUE,"up",0.00748404151673851,TRUE,"up",0.00709931020221031,TRUE,"up",0.0223528431906816,TRUE,"up",0.00749395415450903
"NR4A1",TRUE,"up",0.00752711072771046,TRUE,"up",0.00789290763263355,TRUE,"up",0.0225047660066002,TRUE,"up",0.00753708041079352
"PLK2",TRUE,"up",0.00807638004342626,TRUE,"up",0.00835280631302141,TRUE,"up",0.023605051542486,TRUE,"up",0.00808707723553676
"JMJD6",TRUE,"up",0.00837922193528551,TRUE,"up",0.00823259036357504,TRUE,"up",0.0245478794333435,TRUE,"up",0.00839032024248457
"CNKSR3",TRUE,"up",0.00837922193528551,TRUE,"up",0.00818985896184861,TRUE,"up",0.0245478794333435,TRUE,"up",0.00839032024248457
"YRDC",TRUE,"up",0.00838149714563399,TRUE,"up",0.00818985896184861,TRUE,"up",0.0246105153224199,TRUE,"up",0.00839259846635668
"UGCG",TRUE,"up",0.00838149714563399,TRUE,"up",0.00818985896184861,TRUE,"up",0.0246105153224199,TRUE,"up",0.00839259846635668
"DUSP14",TRUE,"up",0.00851284921038192,TRUE,"up",0.00169337373132752,TRUE,"up",0.0251048823631691,TRUE,"up",0.00852412450734931
"PTP4A1",TRUE,"up",0.00851284921038192,TRUE,"up",0.00818985896184861,TRUE,"up",0.0251048823631691,TRUE,"up",0.00852412450734931
"SOWAHB",TRUE,"up",0.00851284921038192,TRUE,"up",0.00818985896184861,TRUE,"up",0.0251048823631691,TRUE,"up",0.00852412450734931
"BTG1",TRUE,"up",0.00851284921038192,NA,NA,NA,TRUE,"up",0.0251048823631691,TRUE,"up",0.00852412450734931
"MRO",TRUE,"down",0.0145426294884927,TRUE,"down",0.0137871074140311,TRUE,"down",0.00387229170950861,TRUE,"down",0.0145175363248564
"GHR",TRUE,"down",0.0145426294884927,TRUE,"down",0.0137871074140311,TRUE,"down",0.00433214022015693,TRUE,"down",0.0145175363248564
"GIMAP7",TRUE,"down",0.0145426294884927,TRUE,"down",0.0137871074140311,TRUE,"down",0.00433543028932601,TRUE,"down",0.0145175363248564
"PLK3",TRUE,"up",0.0087865227898092,TRUE,"up",0.00872315108081226,TRUE,"up",0.025938981275068,TRUE,"up",0.00879816056833875
"RCAN1",TRUE,"up",0.00880114943848673,TRUE,"up",0.00939877975387862,TRUE,"up",0.0260088335913251,TRUE,"up",0.00881280659006089
"MAP2K3",TRUE,"up",0.00944318514422945,TRUE,"up",0.00939877975387862,TRUE,"up",0.0275683306251904,TRUE,"up",0.00945569267422181
"CSF1",TRUE,"up",0.00944318514422945,TRUE,"up",0.00918843716086468,TRUE,"up",0.0275683306251904,TRUE,"up",0.00945569267422181
"SPP1",TRUE,"up",0.0102189926448384,TRUE,"up",0.0100429839845934,TRUE,"up",0.0298654409439779,TRUE,"up",0.0102325277344342
"CD93",TRUE,"up",0.0104709341220853,TRUE,"up",0.0102837275406475,TRUE,"up",0.0306664261918467,TRUE,"up",0.010484802909002
"THBS1",TRUE,"up",0.0104709341220853,TRUE,"up",0.0102837275406475,TRUE,"up",0.0306664261918467,TRUE,"up",0.010484802909002
"ZFP36",TRUE,"up",0.0109104696116513,TRUE,"up",0.010624830571899,TRUE,"up",0.0319867050807648,TRUE,"up",0.0109249205647793
"GPRC5A",TRUE,"up",0.0114478515272002,TRUE,"up",0.0105343941945999,TRUE,"up",0.033369326355504,TRUE,"up",0.0114630142444548
"MIDEAS",TRUE,"up",0.0120045024728624,TRUE,"up",0.00975800439146219,TRUE,"up",0.0350286019498268,TRUE,"up",0.0119279378417058
"PREPL",TRUE,"down",0.0191084396742677,TRUE,"down",0.0137871074140311,TRUE,"down",0.00611566927634107,TRUE,"down",0.0190715014265702
"PIM1",TRUE,"up",0.0126790773345954,TRUE,"up",0.0117628708508919,TRUE,"up",0.0370352210356218,TRUE,"up",0.0125989557701232
"CYP4A22",TRUE,"down",0.0191084396742677,NA,NA,NA,TRUE,"down",0.0067947204847022,TRUE,"down",0.0190715014265702
"WSB1",TRUE,"up",0.0132596774007212,TRUE,"up",0.0121127674336527,TRUE,"up",0.0385957136104354,TRUE,"up",0.0131781560075884
"EFHD2",TRUE,"up",0.0132596774007212,TRUE,"up",0.0117628708508919,TRUE,"up",0.0385957136104354,TRUE,"up",0.0131781560075884
"STAT3",TRUE,"up",0.0132596774007212,TRUE,"up",0.0127706725628789,TRUE,"up",0.0385957136104354,TRUE,"up",0.0131781560075884
"CD68",TRUE,"up",0.0135470279593605,TRUE,"up",0.0108940762463147,TRUE,"up",0.0395119436896117,TRUE,"up",0.0134652286086125
"SPHK1",TRUE,"up",0.0135470279593605,TRUE,"up",0.0134973373053068,TRUE,"up",0.0395119436896117,TRUE,"up",0.0134652286086125
"VMP1",TRUE,"up",0.0139442156655175,TRUE,"up",0.0121412367539907,TRUE,"up",0.0407897694016757,TRUE,"up",0.0138622338553729
"SDC4",TRUE,"up",0.0139442156655175,TRUE,"up",0.0134437172199513,TRUE,"up",0.0407897694016757,TRUE,"up",0.0138622338553729
"LRRC59",TRUE,"up",0.0139442156655175,TRUE,"up",0.0134437172199513,TRUE,"up",0.0407897694016757,TRUE,"up",0.0138622338553729
"NFKBIE",TRUE,"up",0.0142548624918147,TRUE,"up",0.0134437172199513,TRUE,"up",0.0417773019317574,TRUE,"up",0.0141725108837881
"MAPK6",TRUE,"up",0.0142548624918147,TRUE,"up",0.0117628708508919,TRUE,"up",0.0417773019317574,TRUE,"up",0.0141725108837881
"CLDN3",TRUE,"up",0.0143439139166605,TRUE,"up",0.012077932418663,TRUE,"up",0.0421536375060122,TRUE,"up",0.0142631700303747
"EIF4EBP1",TRUE,"up",0.0143439139166605,TRUE,"up",0.0128899628145531,TRUE,"up",0.0421536375060122,TRUE,"up",0.0142631700303747
"VPS37B",TRUE,"up",0.0143439139166605,TRUE,"up",0.0150467782380769,TRUE,"up",0.0421536375060122,TRUE,"up",0.0142631700303747
"ARF6",TRUE,"up",0.014435824352627,TRUE,"up",0.0140589465937113,TRUE,"up",0.0424615001900158,TRUE,"up",0.014355255376336
"NOP58",TRUE,"up",0.014617772099815,TRUE,"up",0.0137163770451718,TRUE,"up",0.0430344540591133,TRUE,"up",0.0145368790490948
"ANXA2",TRUE,"up",0.0149388708722636,NA,NA,NA,TRUE,"up",0.0440179035963858,TRUE,"up",0.0148568978816684
"S100A6",TRUE,"up",0.0153086885301889,TRUE,"up",0.0153263726565202,TRUE,"up",0.0451462037194414,TRUE,"up",0.0152253908514136
"BBC3",TRUE,"up",0.0156214456619403,TRUE,"up",0.0153558744727472,TRUE,"up",0.0461074846371202,TRUE,"up",0.019091813262503
"OSGIN1",TRUE,"up",0.0156836404429905,TRUE,"up",0.015412641188942,TRUE,"up",0.0462085909921863,TRUE,"up",0.0157044134766898
"CCNL1",TRUE,"up",0.0158356585299639,TRUE,"up",0.0156236856807069,TRUE,"up",0.0462760712638617,TRUE,"up",0.0157579232026166
"BRD2",TRUE,"up",0.0158416823402372,TRUE,"up",0.0170452121378052,TRUE,"up",0.0463344696565027,TRUE,"up",0.0157583050647622
"F2RL1",TRUE,"up",0.0159198533338181,TRUE,"up",0.0153558744727472,TRUE,"up",0.0466036356823933,TRUE,"up",0.0158367500869645
"S100A11",TRUE,"up",0.0160360877408709,FALSE,"up",0.427043578815388,TRUE,"up",0.0469842592029857,TRUE,"up",0.0159530592311952
"ATF4",TRUE,"up",0.0172964682521074,TRUE,"up",0.0170452121378052,FALSE,"up",0.0504351537981166,TRUE,"up",0.0172076395623444
"TUBA1C",TRUE,"up",0.0175772572185194,NA,NA,NA,FALSE,"up",0.0513863040840147,TRUE,"up",0.0117726008427504
"BLNK",TRUE,"up",0.0175772572185194,TRUE,"up",0.0154230712018746,FALSE,"up",0.0513863040840147,TRUE,"up",0.0176005383539081
"CCL2",TRUE,"up",0.0175772572185194,NA,NA,NA,FALSE,"up",0.0513863040840147,TRUE,"up",0.0176005383539081
"STX11",TRUE,"up",0.0176067019606397,TRUE,"up",0.0170452121378052,FALSE,"up",0.051515617347051,TRUE,"up",0.0176300220956869
"SLC35A5",TRUE,"down",0.0250593077218177,TRUE,"down",0.0286088922734559,TRUE,"down",0.00948197768873584,TRUE,"down",0.0250108659373741
"TIPARP",TRUE,"up",0.0176744619968736,TRUE,"up",0.0185195902277658,FALSE,"up",0.0517568020700979,TRUE,"up",0.0176978718803132
"ZYX",TRUE,"up",0.0183351372467781,TRUE,"up",0.0186147858706276,FALSE,"up",0.0534450658367623,TRUE,"up",0.0183594221967738
"DNAJB4",TRUE,"up",0.0189072868423765,TRUE,"up",0.0156236856807069,FALSE,"up",0.0551591216253794,TRUE,"up",0.0189323296064062
"LRRC8C",TRUE,"up",0.019823020042308,TRUE,"up",0.0170452121378052,FALSE,"up",0.0579261643538041,TRUE,"up",0.0196853250367793
"SLC7A1",TRUE,"up",0.0198269887782728,TRUE,"up",0.0193251422960602,FALSE,"up",0.0579847783792669,TRUE,"up",0.0196853250367793
"GLIPR2",TRUE,"up",0.0200398465335568,TRUE,"up",0.021417801532681,FALSE,"up",0.0586543101855161,TRUE,"up",0.0198260733362087
"PSTPIP1",TRUE,"up",0.0201179614127157,TRUE,"up",0.0204527305941652,FALSE,"up",0.0589296536428736,TRUE,"up",0.0199047909606605
"DBT",TRUE,"down",0.0303231316452579,TRUE,"down",0.0286088922734559,TRUE,"down",0.0117305449474598,TRUE,"down",0.0302645144391035
"VIM",TRUE,"up",0.0225927318918016,TRUE,"up",0.0223277077581493,FALSE,"up",0.0648790295745752,TRUE,"up",0.0223549322998843
"PMAIP1",TRUE,"up",0.0227900336196502,TRUE,"up",0.0229586226128351,FALSE,"up",0.0655033057964159,TRUE,"up",0.0225517459288238
"DNAJA4",TRUE,"up",0.0231342300457558,TRUE,"up",0.0229031827397993,FALSE,"up",0.0665505671876168,TRUE,"up",0.0228939372415162
"KCNJ16",TRUE,"down",0.0316777731169108,TRUE,"down",0.0303060948419309,TRUE,"down",0.0135319488823806,TRUE,"down",0.0316165372729674
"CLCF1",TRUE,"up",0.0239661604973151,TRUE,"up",0.0246380554199796,FALSE,"up",0.0690032435087825,TRUE,"up",0.0237188583637374
"DOT1L",TRUE,"up",0.0240088241932406,TRUE,"up",0.0236103874297787,FALSE,"up",0.0691850410786655,TRUE,"up",0.0196853250367793
"NR4A3",TRUE,"up",0.0240566149937048,TRUE,"up",0.0250387867479366,FALSE,"up",0.0693812474695202,TRUE,"up",0.0239492383023498
"PPM1K",TRUE,"down",0.0316777731169108,TRUE,"down",0.0303060948419309,TRUE,"down",0.0150946208538884,TRUE,"down",0.0316165372729674
"SLC16A9",TRUE,"down",0.0316777731169108,TRUE,"down",0.0303060948419309,TRUE,"down",0.0154417871754332,TRUE,"down",0.0316165372729674
"BAG3",TRUE,"up",0.0243656132894793,TRUE,"up",0.0226488540170223,FALSE,"up",0.0703310785963914,TRUE,"up",0.0242576678914852
"ABL2",TRUE,"up",0.0245062517023694,TRUE,"up",0.0236103874297787,FALSE,"up",0.0708532813445888,TRUE,"up",0.0243992858234758
"TUBB4B",TRUE,"up",0.0245062517023694,TRUE,"up",0.0242202391558478,FALSE,"up",0.0708532813445888,TRUE,"up",0.0243992858234758
"WNK1",TRUE,"down",0.0319562149117737,TRUE,"down",0.0365920466228275,TRUE,"down",0.0166928829442086,TRUE,"down",0.0318944408160335
"ZFAND2A",TRUE,"up",0.0250938367795999,TRUE,"up",0.0236149380689254,FALSE,"up",0.0722741307082085,TRUE,"up",0.0247082890886815
"HSPB8",TRUE,"up",0.0250938367795999,TRUE,"up",0.0246380554199796,FALSE,"up",0.0723134345628478,TRUE,"up",0.0247082890886815
"KLF2",TRUE,"up",0.0251509122681459,TRUE,"up",0.0247363603524945,FALSE,"up",0.0723134345628478,TRUE,"up",0.024771368591534
"SERTAD1",TRUE,"up",0.0251509122681459,TRUE,"up",0.0246380554199796,FALSE,"up",0.0723134345628478,TRUE,"up",0.024771368591534
"SMOX",TRUE,"up",0.0251509122681459,TRUE,"up",0.0226488540170223,FALSE,"up",0.0723134345628478,TRUE,"up",0.024771368591534
"SLC38A2",TRUE,"up",0.0251851327643722,TRUE,"up",0.0207050020291816,FALSE,"up",0.0725866507528121,TRUE,"up",0.0248117407084338
"RGS16",TRUE,"up",0.0251851327643722,TRUE,"up",0.0266880752987309,FALSE,"up",0.0725866507528121,TRUE,"up",0.0248117407084338
"ANGPTL4",TRUE,"up",0.0251851327643722,TRUE,"up",0.0250387867479366,FALSE,"up",0.0725866507528121,TRUE,"up",0.0248117407084338
"CLDN7",TRUE,"up",0.0254697417482165,TRUE,"up",0.025222920555482,FALSE,"up",0.0731246516545462,TRUE,"up",0.0250943298235925
"HSPH1",TRUE,"up",0.025940418691148,TRUE,"up",0.0255714528537446,FALSE,"up",0.0743474231101499,TRUE,"up",0.026341984516541
"PLIN2",TRUE,"up",0.0259964406200659,TRUE,"up",0.0236149380689254,FALSE,"up",0.074414559563054,TRUE,"up",0.0257539488109848
"BCL10",TRUE,"up",0.0260343723839137,TRUE,"up",0.0257957807211647,FALSE,"up",0.0745832381753322,TRUE,"up",0.0257929940969105
"TUBB2A",TRUE,"up",0.0267269354188323,NA,NA,NA,FALSE,"up",0.0762832585017118,TRUE,"up",0.026341984516541
"INHBB",TRUE,"up",0.0268374133858497,TRUE,"up",0.0266880752987309,FALSE,"up",0.0766607023558883,TRUE,"up",0.0247082890886815
"MYL12A",TRUE,"up",0.0273194986299698,FALSE,"up",0.117364655639443,FALSE,"up",0.0781004442858445,TRUE,"up",0.0270707283609883
"TNFAIP3",TRUE,"up",0.027594004154637,TRUE,"up",0.0267922435229971,FALSE,"up",0.0788390970127423,TRUE,"up",0.0273457014477631
"PHC2",TRUE,"up",0.027594004154637,TRUE,"up",0.0267922435229971,FALSE,"up",0.0788390970127423,TRUE,"up",0.0273457014477631
"ZNF622",TRUE,"up",0.0279643648414602,TRUE,"up",0.025222920555482,FALSE,"up",0.079781577369231,TRUE,"up",0.0277142098508255
"SERPINA3",TRUE,"up",0.0286715569943938,NA,NA,NA,FALSE,"up",0.0818639549760802,TRUE,"up",0.0284165781526272
"PXDC1",TRUE,"up",0.0287991751183811,TRUE,"up",0.0245715803883062,FALSE,"up",0.0822928344010405,TRUE,"up",0.0285445550539667
"PHKB",TRUE,"down",0.0353153307175373,TRUE,"down",0.0365920466228275,TRUE,"down",0.0211510767307286,TRUE,"down",0.0352470631637339
"FAM171A1",TRUE,"down",0.0353153307175373,TRUE,"down",0.0365920466228275,TRUE,"down",0.0220311525842213,TRUE,"down",0.0352470631637339
"PINK1",TRUE,"down",0.0353153307175373,TRUE,"down",0.0365920466228275,TRUE,"down",0.0226325628348358,TRUE,"down",0.0352470631637339
"AKR1C2",TRUE,"down",0.0353153307175373,NA,NA,NA,TRUE,"down",0.0232531444923622,TRUE,"down",0.0352470631637339
"PCMTD1",TRUE,"down",0.0353153307175373,TRUE,"down",0.0365920466228275,TRUE,"down",0.0232531444923622,TRUE,"down",0.0352470631637339
"TUBB2B",TRUE,"up",0.029109295179728,NA,NA,NA,FALSE,"up",0.0832436239129079,TRUE,"up",0.0288534278048791
"CCDC120",TRUE,"up",0.0299523789311817,TRUE,"up",0.0302551734310826,FALSE,"up",0.0857205126405605,TRUE,"up",0.0296906233084545
"PROCR",TRUE,"up",0.030712168205365,TRUE,"up",0.0302551734310826,FALSE,"up",0.0879619693069547,TRUE,"up",0.0304453181081105
"CD69",TRUE,"up",0.0308689893454722,TRUE,"up",0.0302551734310826,FALSE,"up",0.0884779041943021,TRUE,"up",0.0306023144745821
"C11orf96",TRUE,"up",0.0318907971565282,TRUE,"up",0.033750432860675,FALSE,"up",0.091475060529407,TRUE,"up",0.0316168679435254
"ETS2",TRUE,"up",0.0320144295792469,TRUE,"up",0.0326293814589436,FALSE,"up",0.091897779871167,TRUE,"up",0.0317410019322353
"FRAS1",TRUE,"down",0.040822210610997,TRUE,"down",0.0480816942307551,TRUE,"down",0.0272518064930683,TRUE,"down",0.0406166876004167
"BHLHE40",TRUE,"up",0.0325949179522623,TRUE,"up",0.0333382271482531,FALSE,"up",0.0936328219503381,TRUE,"up",0.0323181087542259
"ITGA6",TRUE,"up",0.0346150667208785,TRUE,"up",0.0328640198118405,FALSE,"up",0.0986790968953608,TRUE,"up",0.0343227592280393
"SH3BGRL3",TRUE,"up",0.0359258044747241,TRUE,"up",0.0365561316142212,FALSE,"up",0.102569961841546,TRUE,"up",0.0356258193524187
"SFN",TRUE,"up",0.0359258044747241,FALSE,"up",0.132527814290048,FALSE,"up",0.102569961841546,TRUE,"up",0.0356258193524187
"HMGA1",TRUE,"up",0.037557217757863,FALSE,"up",1,FALSE,"up",0.106464526007953,TRUE,"up",0.0370697200969001
"LITAF",TRUE,"up",0.037557217757863,TRUE,"up",0.0394811456206038,FALSE,"up",0.106513301786312,TRUE,"up",0.0370697200969001
"ARID5A",TRUE,"up",0.0376820788081348,TRUE,"up",0.0385369142747232,FALSE,"up",0.106948927107111,TRUE,"up",0.0371955150712255
"CSRNP1",TRUE,"up",0.0386352856060325,TRUE,"up",0.0390158935226167,FALSE,"up",0.1098194518463,TRUE,"up",0.0381415784772175
"AKAP12",TRUE,"up",0.0386352856060325,TRUE,"up",0.038962478588845,FALSE,"up",0.1098194518463,TRUE,"up",0.0381415784772175
"CTPS1",TRUE,"up",0.0387392093522495,TRUE,"up",0.0385369142747232,FALSE,"up",0.110196651074306,TRUE,"up",0.0382467272329853
"ELL",TRUE,"up",0.0389341729792187,TRUE,"up",0.039028691888751,FALSE,"up",0.110392983583736,TRUE,"up",0.0384417543306659
"CCL20",TRUE,"up",0.0393633844113428,TRUE,"up",0.0412522825748541,FALSE,"up",0.111775773805169,TRUE,"up",0.0388706063027112
"SOWAHC",TRUE,"up",0.0394319958106946,TRUE,"up",0.038962478588845,FALSE,"up",0.112052676717238,TRUE,"up",0.0389408627442147
"IRAK3",TRUE,"up",0.0403392078042434,TRUE,"up",0.0406951511710508,FALSE,"up",0.11448412149551,TRUE,"up",0.0398443208762203
"IL1RN",TRUE,"up",0.0403392078042434,TRUE,"up",0.0406951511710508,FALSE,"up",0.11448412149551,TRUE,"up",0.0398443208762203
"TBRG1",TRUE,"up",0.0403392078042434,FALSE,"up",0.434022506022496,FALSE,"up",0.11448412149551,TRUE,"up",0.0398443208762203
"MAP7D1",TRUE,"up",0.0409736162146526,TRUE,"up",0.0398864028747813,FALSE,"up",0.115873226389108,TRUE,"up",0.046801407779524
"SLCO4C1",TRUE,"down",0.04997078182361,FALSE,"down",0.0504980364842495,TRUE,"down",0.033369326355504,TRUE,"down",0.0498741840297502
"CASP3",TRUE,"up",0.0415145442936788,TRUE,"up",0.0393599366044701,FALSE,"up",0.116760623896817,TRUE,"up",0.0411950301707813
"CREB5",TRUE,"up",0.0419852409809397,TRUE,"up",0.0449346722926715,FALSE,"up",0.117505359215934,TRUE,"up",0.0416654858343961
"DUSP1",TRUE,"up",0.0419852409809397,TRUE,"up",0.0423554424937976,FALSE,"up",0.117505359215934,TRUE,"up",0.0416654858343961
"CX3CL1",TRUE,"up",0.0420561869431196,TRUE,"up",0.0423554424937976,FALSE,"up",0.117505359215934,TRUE,"up",0.0417375625864114
"ALDH1A2",TRUE,"up",0.0433379754855841,TRUE,"up",0.0388244030537305,FALSE,"up",0.120288173605128,TRUE,"up",0.0430113468946302
"CEBPD",TRUE,"up",0.0433449886169857,TRUE,"up",0.0437420950704458,FALSE,"up",0.120402072135318,TRUE,"up",0.043019999205002
"PLSCR1",TRUE,"up",0.0448162206538986,NA,NA,NA,FALSE,"up",0.124585730505668,TRUE,"up",0.0247082890886815
"C15orf48",TRUE,"up",0.0451174274709859,TRUE,"up",0.045349295260179,FALSE,"up",0.125519930224806,TRUE,"up",0.0157579232026166
"HSP90AB1",TRUE,"up",0.046280691571802,TRUE,"up",0.046505131145195,FALSE,"up",0.128854859539343,TRUE,"up",0.0463419905010362
"MYADM",TRUE,"up",0.046496951307769,TRUE,"up",0.0394811456206038,FALSE,"up",0.129092050426735,TRUE,"up",0.0463569845669268
"C5AR1",TRUE,"up",0.046496951307769,TRUE,"up",0.0431122281477245,FALSE,"up",0.129092050426735,TRUE,"up",0.0463569845669268
"ZFP36L1",TRUE,"up",0.04692180411519,TRUE,"up",0.0475475541709469,FALSE,"up",0.129542648107052,TRUE,"up",0.0463569845669268
"IHH",TRUE,"up",0.0469409645225265,TRUE,"up",0.0475517169448343,FALSE,"up",0.129696649026784,TRUE,"up",0.046801407779524
"ADAMTS4",TRUE,"up",0.047659514047219,TRUE,"up",0.0480900782216796,FALSE,"up",0.131525745561271,TRUE,"up",0.0475204246583732
"ADAMTS9",TRUE,"up",0.047659514047219,TRUE,"up",0.0423554424937976,FALSE,"up",0.131525745561271,TRUE,"up",0.0475204246583732
"SRXN1",TRUE,"up",0.0477593360320927,FALSE,"up",0.050094129796315,FALSE,"up",0.131902489557587,TRUE,"up",0.0476208103361659
"VASP",TRUE,"up",0.0485618050505544,TRUE,"up",0.0498683046313343,FALSE,"up",0.134221015825345,TRUE,"up",0.0484218138712112
"DUSP6",TRUE,"up",0.048651890311483,TRUE,"up",0.0478054393411302,FALSE,"up",0.134571742230547,TRUE,"up",0.0485124958849761
"SLC19A2",TRUE,"up",0.0497388253434362,FALSE,"up",0.050094129796315,FALSE,"up",0.136846795709264,TRUE,"up",0.0495980460570639
"GEM",TRUE,"up",0.0497388253434362,TRUE,"up",0.0481659795126411,FALSE,"up",0.136846795709264,TRUE,"up",0.0495980460570639
"SLC25A25",TRUE,"up",0.0497453740311375,FALSE,"up",0.0502536007267352,FALSE,"up",0.136969201578683,TRUE,"up",0.0496054302828369
"MYH9",FALSE,"up",0.0502873523432416,TRUE,"up",0.0439952073654047,FALSE,"up",0.138566300530935,FALSE,"up",0.050146740173334
"TAX1BP3",FALSE,"up",0.0540328315531221,TRUE,"up",0.0494692471114802,FALSE,"up",0.148833788094097,FALSE,"up",0.0538853520708016
"UGT8",FALSE,"down",0.0553763820072324,FALSE,"down",0.058411410793745,TRUE,"down",0.0378826313329075,FALSE,"down",0.0661636556056225
"LHX1",FALSE,"down",0.0702506140590162,FALSE,"down",0.0670388355902461,TRUE,"down",0.0462085909921863,FALSE,"down",0.0701148136154821
"TNFRSF14",FALSE,"down",0.0702506140590162,FALSE,"down",0.0670436343540173,TRUE,"down",0.0462085909921863,FALSE,"down",0.0701148136154821
"DNAJC28",FALSE,"down",0.0720240127261237,FALSE,"down",0.0613846078928473,TRUE,"down",0.0480383963905019,FALSE,"down",0.0718847841513371
"MORF4L2",FALSE,"up",0.0535697910931147,FALSE,"up",0.0535996437131927,FALSE,"up",0.147337666633351,TRUE,"up",0.0360952970092843
