"accession","organism","platform","n","n_control","n_IRI","paired","genes","n_sig","contrast"
"GSE30718","Homo sapiens","GPL570",37,11,26,FALSE,22880,374,"allograft AKI vs stable (pristine) allograft protocol biopsy"
"GSE43974","Homo sapiens","GPL10558",332,163,169,FALSE,34694,179,"deceased-donor transplant: post-reperfusion (T3) vs post-cold-ischemia (T2), unpaired"
"GSE126805","Homo sapiens","GPL21290 (RNA-seq)",82,41,41,TRUE,16862,722,"post-reperfusion vs pre-reperfusion biopsy, paired within kidney"
"GSE39548","Mus musculus","GPL7202",8,4,4,FALSE,14330,3629,"renal IRI vs naive control (unprotected)"
"GSE98622","Mus musculus","GPL13112 (RNA-seq)",21,6,15,FALSE,29325,1028,"acute renal IRI (2-72h) vs sham surgery"
"GSE34351","Mus musculus","GPL1261",6,3,3,FALSE,21495,1049,"wild-type ischemic kidney vs sham"
"GSE27274","Rattus norvegicus","GPL6101",24,6,18,FALSE,21791,1866,"renal IRI (6/24/120h, cortex+medulla) vs sham; cortex and medulla of the same rat modelled as a random block (12 animals, 24 arrays)"
"GSE58438","Rattus norvegicus","GPL11534",19,5,14,FALSE,18784,1074,"renal IRI, saline vehicle vs naive no-injury control (VPA and dexamethasone arms excluded)"
"GSE148420","Rattus norvegicus","GPL14746",12,4,8,FALSE,19297,3584,"unilateral renal IRI (day 3/7) vs sham operation"
