"database","geneSet","description","size","overlap","enrichmentRatio","pValue","FDR","overlap_genes","gene_set"
"drug_GLAD4U","PA164713366","Tumor necrosis factor alpha (TNF-alpha) inhibitors",161,27,8.19851576994434,0,0,"TNFRSF12A;NFKBIZ;ICAM1;BIRC3;EGR1;IER3;JUN;TIMP1;RELB;NFKB2;S100A9;RELA;TNFRSF1A;MAP2K3;ZFP36;SPHK1;SDC4;F2RL1;CCL2;TNFAIP3;SH3BGRL3;CCL20;IRAK3;IL1RN;CASP3;CX3CL1;DUSP1","signature"
"pathway_KEGG","hsa04668","TNF signaling pathway",108,23,9.0901559454191,2.22044604925031e-16,7.19424519957101e-14,"ICAM1;SOCS3;CXCL2;JUNB;FOS;BIRC3;BCL3;EDN1;JUN;IRF1;LIF;RELA;TNFRSF1A;CEBPB;MAP2K3;CSF1;ATF4;CCL2;TNFAIP3;CCL20;CASP3;CX3CL1;CREB5","signature"
"drug_GLAD4U","PA164712839","Interleukins",308,32,5.07921515713724,2.42028619368284e-14,2.17341700192719e-11,"NFKBIZ;ICAM1;SOCS3;CXCL2;EGR1;CD14;JUN;IRF1;LIF;RELB;LCN2;NFKB2;S100A9;RELA;TNFRSF1A;CEBPB;CSF1;ZFP36;STAT3;F2RL1;CCL2;CLCF1;BCL10;TNFAIP3;CD69;CCL20;IRAK3;IL1RN;CX3CL1;DUSP1;CEBPD;ADAMTS4","signature"
"drug_GLAD4U","PA164712838","Interleukin inhibitors",241,27,5.47701675917444,4.90940621489244e-13,2.93909785398228e-10,"NFKBIZ;ICAM1;SOCS3;CXCL2;FOS;EGR1;JUN;LIF;SBNO2;TIMP1;S100A9;RELA;TNFRSF1A;CEBPB;ZFP36;STAT3;F2RL1;CCL2;TNFAIP3;CD69;CCL20;IRAK3;IL1RN;CASP3;DUSP1;CEBPD;ADAMTS4","signature"
"pathway_KEGG","hsa04657","IL-17 signaling pathway",87,16,7.84996975196612,1.05836561736794e-10,1.71455230013606e-08,"CXCL2;FOSL1;FOS;JUND;FOSB;JUN;LCN2;S100A9;RELA;CEBPB;MAPK6;CCL2;TNFAIP3;CCL20;CASP3;HSP90AB1","signature"
"pathway_Reactome","R-HSA-1280215","Cytokine Signaling in Immune system",623,39,3.25382557517389,2.86471957267054e-11,4.90439990841196e-08,"MYC;TNFRSF12A;ICAM1;SOCS3;CXCL2;JUNB;FOS;BIRC3;EGR1;ANXA1;JUN;IRF1;OASL;LIF;MCL1;CDKN1A;TIMP1;RELB;LCN2;NFKB2;MT2A;RELA;TNFRSF1A;GHR;MAP2K3;CSF1;PIM1;STAT3;ANXA2;BLNK;CCL2;VIM;CLCF1;CCL20;IRAK3;IL1RN;CASP3;CEBPD;DUSP6","signature"
"pathway_Reactome","R-HSA-6785807","Interleukin-4 and Interleukin-13 signaling",105,16,7.92042328042328,1.27267973937251e-10,7.70538181408635e-08,"MYC;ICAM1;SOCS3;JUNB;FOS;ANXA1;LIF;MCL1;CDKN1A;TIMP1;LCN2;PIM1;STAT3;CCL2;VIM;CEBPD","signature"
"pathway_Reactome","R-HSA-449147","Signaling by Interleukins",430,31,3.74723514211886,1.35024214031887e-10,7.70538181408635e-08,"MYC;ICAM1;SOCS3;CXCL2;JUNB;FOS;ANXA1;JUN;LIF;MCL1;CDKN1A;TIMP1;LCN2;NFKB2;RELA;TNFRSF1A;MAP2K3;CSF1;PIM1;STAT3;ANXA2;BLNK;CCL2;VIM;CLCF1;CCL20;IRAK3;IL1RN;CASP3;CEBPD;DUSP6","signature"
"drug_GLAD4U","PA164712732","Enzyme inhibitors",523,34,3.17815135788367,1.81080461736371e-09,8.13051273196308e-07,"ADAMTS1;SERPINE1;RHOB;BIRC3;PLAUR;EGR1;HSPB1;HBEGF;JUN;MCL1;THBD;CDKN1A;TIMP1;DDIT3;RELB;KLF4;GADD45A;RELA;UGCG;RCAN1;PIM1;STAT3;SPHK1;EIF4EBP1;BBC3;F2RL1;PMAIP1;SERPINA3;SFN;CASP3;DUSP1;HSP90AB1;ADAMTS4;VASP","signature"
"drug_GLAD4U","PA449107","collagenase",122,16,6.41146831310766,3.36535588285614e-09,1.20883583312192e-06,"FOSL1;ATF3;FOS;PLAUR;EDN1;CCN1;HBEGF;JUN;TIMP1;LCN2;RELA;SPP1;THBS1;STAT3;SERPINA3;ADAMTS4","signature"
"pathway_Reactome","R-HSA-6783783","Interleukin-10 signaling",43,10,12.0878552971576,5.98801030982088e-09,2.56286841260334e-06,"ICAM1;CXCL2;LIF;TIMP1;TNFRSF1A;CSF1;STAT3;CCL2;CCL20;IL1RN","signature"
"drug_GLAD4U","PA164713204","Protein kinase inhibitors",481,31,3.15075015075015,1.25103201131793e-08,3.74475582054501e-06,"MYC;SOCS3;FOS;BIRC3;EGR1;HSPB1;HBEGF;JUN;MCL1;CDKN1A;GADD45B;EPHA2;KLF4;GADD45A;RELA;SPRY2;PLK3;MAP2K3;PIM1;STAT3;SPHK1;EIF4EBP1;BBC3;F2RL1;ABL2;SFN;CASP3;DUSP1;HSP90AB1;VASP;DUSP6","signature"
"pathway_KEGG","hsa04010","MAPK signaling pathway",290,24,3.53248638838476,4.87704805429701e-08,5.26721189864077e-06,"MYC;FOS;JUND;CD14;HSPB1;JUN;DUSP5;GADD45B;DDIT3;HSPA1A;RELB;EPHA2;NFKB2;GADD45A;RELA;DUSP10;TNFRSF1A;NR4A1;MAP2K3;CSF1;ATF4;CASP3;DUSP1;DUSP6","signature"
"drug_GLAD4U","PA164712600","Cardiovascular System",559,33,2.8860209557884,3.44460491241705e-08,8.83787203243003e-06,"ADAMTS1;TNFRSF12A;SERPINE1;ICAM1;LGALS3;KLF5;PLAUR;EGR1;EDN1;CCN1;LMNA;THBD;TIMP1;KLF4;ADM;RGS2;RCAN1;SPP1;CD93;THBS1;PIM1;SPHK1;SDC4;ANXA2;F2RL1;CCL2;NR4A3;KLF2;ANGPTL4;PROCR;CX3CL1;DUSP1;VASP","signature"
"pathway_Reactome","R-HSA-168256","Immune System",1797,65,1.88010882334755,6.02270739946675e-08,2.06217501357742e-05,"MYC;TNFRSF12A;ICAM1;SOCS3;CXCL2;LGALS3;JUNB;TUBB6;FOS;BIRC3;PLAUR;EGR1;ANXA1;CD14;JUN;IRF1;OASL;LIF;MCL1;CDKN1A;TIMP1;HSPA1A;PVR;RELB;LCN2;NFKB2;MT2A;S100A9;RELA;TNFRSF1A;CLU;SPSB1;GHR;MAP2K3;CSF1;CD93;PIM1;WSB1;STAT3;CD68;NFKBIE;ANXA2;S100A11;TUBA1C;BLNK;CCL2;PSTPIP1;VIM;CLCF1;TUBB4B;BCL10;TUBB2A;TNFAIP3;SERPINA3;TUBB2B;CCL20;IRAK3;IL1RN;SLCO4C1;CASP3;CEBPD;HSP90AB1;C5AR1;VASP;DUSP6","signature"
"pathway_KEGG","hsa04210","Apoptosis",129,15,4.96328029375765,2.64411207151483e-07,2.14173077792701e-05,"FOS;BIRC3;JUN;LMNA;MCL1;GADD45B;DDIT3;GADD45A;RELA;TNFRSF1A;BBC3;ATF4;TUBA1C;PMAIP1;CASP3","signature"
"drug_GLAD4U","PA450636","nitrile",84,12,6.9839208410637,1.2424522499721e-07,2.78930530118737e-05,"FOS;CCN1;HBEGF;JUN;DUSP5;MCL1;PPRC1;RELA;STAT3;F2RL1;CCL2;PINK1","signature"
"pathway_KEGG","hsa04064","NF-kappa B signaling pathway",88,12,5.82057416267943,7.845273857221e-07,4.23644788289934e-05,"ICAM1;CXCL2;BIRC3;CD14;GADD45B;RELB;NFKB2;RELA;TNFRSF1A;BLNK;BCL10;TNFAIP3","signature"
"pathway_KEGG","hsa04380","Osteoclast differentiation",121,14,4.93866898651588,7.19966407158878e-07,4.23644788289934e-05,"SOCS3;FOSL1;JUNB;FOS;JUND;FOSB;JUN;RELB;NFKB2;RELA;TNFRSF1A;FOSL2;CSF1;BLNK","signature"
"drug_GLAD4U","PA452621","antineoplastic agents",418,26,3.040845916444,4.13091432283075e-07,8.24346902644891e-05,"MYC;ATF3;BIRC3;RASD1;EGR1;HSPB1;JUN;IRF1;OASL;MCL1;CDKN1A;DDIT3;RELA;CEBPB;NR4A1;UGCG;THBS1;PIM1;STAT3;SPHK1;EIF4EBP1;BBC3;PMAIP1;CASP3;DUSP1;ALDH1A2","signature"
"pathway_Reactome","R-HSA-3371497","HSP90 chaperone cycle for steroid hormone receptors (SHR)",50,9,9.356,3.7565043609078e-07,9.53996091860785e-05,"TUBB6;DNAJB1;HSPA1A;TUBA1C;DNAJA4;TUBB4B;TUBB2A;TUBB2B;HSP90AB1","signature"
"pathway_Reactome","R-HSA-8953897","Cellular responses to external stimuli",418,25,3.1087187666135,3.90068495503826e-07,9.53996091860785e-05,"TUBB6;FOS;MT1F;JUN;CSRP1;DNAJB1;CDKN1A;HSPA1A;MT2A;RELA;CEBPB;MAP2K3;STAT3;TUBA1C;DNAJA4;BAG3;TUBB4B;HSPB8;HSPH1;TUBB2A;PHC2;TUBB2B;ETS2;HMGA1;HSP90AB1","signature"
"pathway_Reactome","R-HSA-2262752","Cellular responses to stress",350,22,3.2671746031746,9.05982967314145e-07,0.000193880355005227,"TUBB6;FOS;JUN;DNAJB1;CDKN1A;HSPA1A;RELA;CEBPB;MAP2K3;STAT3;TUBA1C;DNAJA4;BAG3;TUBB4B;HSPB8;HSPH1;TUBB2A;PHC2;TUBB2B;ETS2;HMGA1;HSP90AB1","signature"
"pathway_KEGG","hsa05169","Epstein-Barr virus infection",182,16,3.75245806824754,4.6377763478489e-06,0.000214662790957578,"MYC;ICAM1;JUN;CDKN1A;GADD45B;RELB;NFKB2;GADD45A;RELA;MAP2K3;STAT3;NFKBIE;BLNK;VIM;TNFAIP3;CASP3","signature"
"drug_GLAD4U","PA134687907","formoterol",11,5,22.2215663124754,1.43324046619764e-06,0.000257409987729096,"FOSL1;RGS2;NR4A3;DUSP1;VASP","signature"
"drug_GLAD4U","PA164712458","Antiinflammatory Agents",191,16,4.09528342512636,1.83842478773677e-06,0.000300164628979567,"GDF15;ICAM1;RASD1;EGR1;ANXA1;JUN;DDIT3;S100A9;RELA;TNFRSF1A;CEBPB;STAT3;CCL2;KLF2;CCL20;DUSP1","signature"
"drug_GLAD4U","PA449412","doxorubicin",114,12,5.14604693552062,3.53697536104036e-06,0.000529367312369041,"MYC;BTG2;MCL1;CDKN1A;KLF4;CLU;UGCG;STAT3;SPHK1;BBC3;SFN;CASP3","signature"
"pathway_KEGG","hsa04933","AGE-RAGE signaling pathway in diabetic complications",98,11,4.79108485499463,1.57797567605922e-05,0.000639080148803983,"SERPINE1;ICAM1;EGR1;EDN1;JUN;THBD;RELA;PIM1;STAT3;CCL2;CASP3","signature"
"drug_GLAD4U","PA164743977","arformoterol",7,4,27.9356833642548,5.68925530242126e-06,0.00078599250178066,"FOSL1;RGS2;NR4A3;DUSP1","signature"
"pathway_Reactome","R-HSA-190840","Microtubule-dependent trafficking of connexons from Golgi to the plasma membrane",14,5,18.5634920634921,4.33672178834499e-06,0.000824940855738513,"TUBB6;TUBA1C;TUBB4B;TUBB2A;TUBB2B","signature"
"pathway_KEGG","hsa04115","p53 signaling pathway",68,9,5.64938080495356,2.54057304474031e-05,0.000914606296106513,"SERPINE1;CDKN1A;GADD45B;GADD45A;THBS1;BBC3;PMAIP1;SFN;CASP3","signature"
"pathway_Reactome","R-HSA-190872","Transport of connexons to the plasma membrane",15,5,17.3259259259259,6.40396864381998e-06,0.00109635943182198,"TUBB6;TUBA1C;TUBB4B;TUBB2A;TUBB2B","signature"
"drug_GLAD4U","PA150481189","taxanes",107,11,5.02581219403649,1.14066497871601e-05,0.00146331021555282,"RHOB;KRT18;MCL1;CDKN1A;CLU;STAT3;TUBB4B;TUBB2A;TUBB2B;ETS2;CASP3","signature"
"pathway_KEGG","hsa05418","Fluid shear stress and atherosclerosis",130,12,3.94008097165992,4.72075093251867e-05,0.00152952330213605,"ICAM1;FOS;EDN1;JUN;THBD;RELA;TNFRSF1A;SDC4;CCL2;KLF2;DUSP1;HSP90AB1","signature"
"drug_GLAD4U","PA450744","oxygen",302,19,3.07570023795189,1.38216549585568e-05,0.0016549128203712,"BTG2;EDN1;HSPB1;CCN1;JUN;DDIT3;HSPA1A;MT2A;S100A9;RELA;BBC3;ATF4;CCL2;PMAIP1;SMOX;PINK1;CASP3;DUSP1;SRXN1","signature"
"drug_GLAD4U","PA164712561","Bioflavonoids",112,11,4.80144557823129,1.76632366829521e-05,0.00190419102194419,"JUNB;FOS;EGR1;JUN;MCL1;CDKN1A;DDIT3;RELA;STAT3;BBC3;CASP3","signature"
"drug_GLAD4U","PA449014","cisplatin",179,14,3.82359911968851,1.80240798290932e-05,0.00190419102194419,"MYC;KLF6;LGALS3;ATF3;BIRC3;MCL1;CDKN1A;KLF4;BTG1;STAT3;BBC3;PMAIP1;CASP3;DUSP1","signature"
"pathway_KEGG","hsa05202","Transcriptional misregulation in cancer",163,13,3.40426218921537,0.000104559364849655,0.00307974856466255,"MYC;NFKBIZ;BIRC3;CD14;CDKN1A;GADD45B;DDIT3;GADD45A;RELA;CEBPB;DOT1L;NR4A3;DUSP6","signature"
"pathway_Reactome","R-HSA-389977","Post-chaperonin tubulin folding pathway",19,5,13.6783625730994,2.32921931559993e-05,0.00362511224391553,"TUBB6;TUBA1C;TUBB4B;TUBB2A;TUBB2B","signature"
"drug_GLAD4U","PA10252","bortezomib",64,8,6.11093073593074,4.4791929500132e-05,0.00402231526911185,"MCL1;CDKN1A;RELA;STAT3;ATF4;PMAIP1;BAG3;ZFAND2A","signature"
"drug_GLAD4U","PA164713176","Platinum compounds",146,12,4.01814623732432,4.43303596940892e-05,0.00402231526911185,"MYC;ATF3;BIRC3;MCL1;CDKN1A;CLU;NR4A1;STAT3;BBC3;PMAIP1;CASP3;DUSP1","signature"
"drug_GLAD4U","PA164712908","Monoclonal antibodies",299,18,2.94305694305694,4.19940305667055e-05,0.00402231526911185,"TNFRSF12A;ICAM1;KRT8;PLAUR;CD14;CCN1;KRT18;HBEGF;PVR;EPHA2;S100A9;TNFRSF1A;CD83;CD93;THBS1;CD68;CD69;ITGA6","signature"
"drug_GLAD4U","PA449212","daunorubicin",104,10,4.70071595071595,5.12932902017038e-05,0.00418739769101182,"MYC;MCL1;CDKN1A;KLF4;UGCG;STAT3;BBC3;HSPB8;SFN;CASP3","signature"
"drug_GLAD4U","PA164712476","Antineovascularisation agents",275,17,3.02213301849666,4.94868737518361e-05,0.00418739769101182,"EDN1;MCL1;CDKN1A;DDIT3;GADD45A;RELA;ADM;NR4A1;UGCG;STAT3;SPHK1;EIF4EBP1;BBC3;PMAIP1;KLF2;CASP3;DUSP1","signature"
"pathway_KEGG","hsa05210","Colorectal cancer",86,9,4.46695226438189,0.000165583057235019,0.00429332314280168,"MYC;FOS;JUN;CDKN1A;GADD45B;GADD45A;BBC3;PMAIP1;CASP3","signature"
"pathway_KEGG","hsa05166","Human T-cell leukemia virus 1 infection",244,16,2.79896462467645,0.00017226296560624,0.00429332314280168,"MYC;ICAM1;EGR2;FOSL1;ATF3;FOS;EGR1;JUN;CDKN1A;RELB;NFKB2;RELA;TNFRSF1A;ZFP36;ATF4;ETS2","signature"
"pathway_KEGG","hsa05130","Pathogenic Escherichia coli infection",53,7,5.63753723932473,0.000210576269758733,0.00487333652870211,"TUBB6;CD14;KRT18;TUBA1C;TUBB4B;TUBB2A;TUBB2B","signature"
"drug_GLAD4U","PA451673","l-threonine",826,34,2.01231617454378,6.7490147589222e-05,0.00527010022044534,"MYC;ELF3;RHOB;BIRC3;HSPB1;JUN;MCL1;CDKN1A;NFKB2;YWHAH;PPP1R15A;RELA;TNFRSF1A;TRIB1;RASSF1;PLK2;PLK3;RCAN1;MAP2K3;PIM1;MAPK6;EIF4EBP1;BRD2;ATF4;PSTPIP1;BAG3;HSPB8;WNK1;BCL10;TNFAIP3;PINK1;SFN;CSRNP1;GEM","signature"
"drug_GLAD4U","PA451565","sulindac",23,5,10.6277056277056,8.53869083475844e-05,0.00593975421368481,"GDF15;ATF3;CDKN1A;GADD45A;RELA","signature"
"drug_GLAD4U","PA448927","chloramphenicol",70,8,5.58713667285096,8.59875331602478e-05,0.00593975421368481,"ELF3;FOS;JUND;JUN;RELB;NFKB2;RELA;CEBPB","signature"
"drug_GLAD4U","PA452200","antithrombotic agents",156,12,3.76057276057276,8.4572723949794e-05,0.00593975421368481,"SERPINE1;PLAUR;S100A10;HBEGF;THBD;THBS1;SDC4;ANXA2;F2RL1;ANGPTL4;PROCR;VASP","signature"
"drug_GLAD4U","PA450761","paclitaxel",111,10,4.4042744042744,8.94199722294431e-05,0.00594808407866962,"KRT18;MCL1;CDKN1A;PLK2;STAT3;TUBB4B;TUBB2A;TUBB2B;ETS2;CASP3","signature"
"pathway_Reactome","R-HSA-389960","Formation of tubulin folding intermediates by CCT/TriC",22,5,11.8131313131313,5.03336504447116e-05,0.00718093413011219,"TUBB6;TUBA1C;TUBB4B;TUBB2A;TUBB2B","signature"
"drug_GLAD4U","PA450913","phenol",138,11,3.8968253968254,0.000121582137676546,0.00779862568810987,"SERPINE1;JUN;MCL1;MAFF;DDIT3;RELA;NR4A1;STAT3;SPHK1;BBC3;PMAIP1","signature"
"drug_GLAD4U","PA452347","glucocorticoids",116,10,4.21443499029706,0.000129478020599039,0.00801870775847839,"MYC;NFIL3;RASD1;ANXA1;RELA;CEBPB;ANGPTL4;CCL20;DUSP1;SLC25A25","signature"
"drug_GLAD4U","PA451428","salicylate-sodium",14,4,13.9678416821274,0.000145312668071162,0.00853392504728481,"CXCL2;MCL1;RELB;RELA","signature"
"drug_GLAD4U","PA450635","nitric oxide",141,11,3.81391421816954,0.000147300488009927,0.00853392504728481,"SERPINE1;RASD1;EDN1;HBEGF;RELA;SPSB1;ADM;F2RL1;SLC7A1;KLF2;VASP","signature"
"drug_GLAD4U","PA449247","dexamethasone",98,9,4.48966339782666,0.000173825755705348,0.00927096160133596,"NFIL3;RASD1;MT1F;ANXA1;JUN;RELA;CEBPB;DUSP1;SLC25A25","signature"
"drug_GLAD4U","PA164712362","Analgesics",248,15,2.95690196899874,0.000175508181762485,0.00927096160133596,"GDF15;SOCS3;FOS;EGR1;JUN;DDIT3;RELB;NFKB2;RELA;TNFRSF1A;STAT3;CCL2;BCL10;CASP3;DUSP1","signature"
"drug_GLAD4U","PA164713346","Thiazides, combinations with psycholeptics and/or analgesics",248,15,2.95690196899874,0.000175508181762485,0.00927096160133596,"GDF15;SOCS3;FOS;EGR1;JUN;DDIT3;RELB;NFKB2;RELA;TNFRSF1A;STAT3;CCL2;BCL10;CASP3;DUSP1","signature"
"drug_GLAD4U","PA451159","protease inhibitors",306,17,2.71596921596922,0.000182689677433401,0.00937459030486822,"ADAMTS1;SERPINE1;BIRC3;PLAUR;MCL1;THBD;TIMP1;HSPA1A;RELB;F2RL1;PMAIP1;SERTAD1;SERPINA3;PROCR;CASP3;HSP90AB1;ADAMTS4","signature"
"drug_DrugBank","DB05147","CYT997",12,5,15.1809210526316,9.30514514685399e-06,0.010645086048001,"TUBB6;TUBA1C;TUBB4B;TUBB2A;TUBB2B","signature"
"pathway_Reactome","R-HSA-75205","Dissolution of Fibrin Clot",13,4,15.9931623931624,8.2714238521131e-05,0.0108928289498597,"SERPINE1;PLAUR;S100A10;ANXA2","signature"
"drug_GLAD4U","PA164776730","alteplase",80,8,4.88874458874459,0.000221600712971393,0.0110554133471284,"SERPINE1;PLAUR;FOSB;S100A10;THBD;TIMP1;ANXA2;SERPINA3","signature"
"pathway_KEGG","hsa04625","C-type lectin receptor signaling pathway",101,9,3.80354351224596,0.000557934560275086,0.0120513865019419,"EGR2;BCL3;JUN;IRF1;RELB;NFKB2;RELA;PLK3;BCL10","signature"
"pathway_KEGG","hsa04215","Apoptosis",31,5,6.88455008488964,0.000686254298565503,0.0123525773741791,"BIRC3;TNFRSF1A;BBC3;PMAIP1;CASP3","signature"
"pathway_KEGG","hsa05206","MicroRNAs in cancer",148,11,3.17247510668563,0.000658938016631416,0.0123525773741791,"MYC;MCL1;CDKN1A;RASSF1;SPRY2;THBS1;PIM1;STAT3;SLC7A1;VIM;CASP3","signature"
"pathway_KEGG","hsa05167","Kaposi sarcoma-associated herpesvirus infection",171,12,2.99538319482918,0.000630828364214686,0.0123525773741791,"MYC;ICAM1;CXCL2;FOS;JUN;CDKN1A;RELA;TNFRSF1A;RCAN1;ZFP36;STAT3;CASP3","signature"
"drug_GLAD4U","PA449138","cromoglicate",7,3,20.9517625231911,0.000278263506893639,0.0135070610373237,"ANXA1;F2RL1;ATF4","signature"
"pathway_KEGG","hsa05221","Acute myeloid leukemia",66,7,4.52711323763955,0.000825176535825367,0.0140714314530221,"MYC;CD14;RELA;PIM1;STAT3;EIF4EBP1;DUSP6","signature"
"pathway_Reactome","R-HSA-389957","Prefoldin mediated transfer of substrate  to CCT/TriC",26,5,9.9957264957265,0.000118119392641503,0.0144443143001609,"TUBB6;TUBA1C;TUBB4B;TUBB2A;TUBB2B","signature"
"drug_GLAD4U","PA130620649","granulocyte colony-stimulating factor",129,10,3.78972448739891,0.000309817124847345,0.0146429356901534,"NFKBIZ;SOCS3;JUN;MCL1;CEBPB;CSF1;ZFP36;STAT3;F2RL1;CD69","signature"
"drug_GLAD4U","PA165291473","maytansine",17,4,11.5029284441049,0.000329202157656194,0.015160181414116,"TUBB6;TUBA1C;TUBB4B;TUBB2A","signature"
"pathway_KEGG","hsa05161","Hepatitis B",131,10,3.25833668139815,0.000943445505784846,0.0152838171937145,"MYC;EGR2;FOS;JUN;CDKN1A;RELA;STAT3;ATF4;CASP3;CREB5","signature"
"drug_GLAD4U","PA164712694","Direct thrombin inhibitors",47,6,6.24095053882288,0.000365483201764882,0.0156287578659459,"SERPINE1;THBD;SDC4;F2RL1;SERPINA3;PROCR","signature"
"drug_GLAD4U","PA165291838","Resveratrol",47,6,6.24095053882288,0.000365483201764882,0.0156287578659459,"SOCS3;EGR1;JUN;CDKN1A;RELA;STAT3","signature"
"drug_GLAD4U","PA451836","urokinase",86,8,4.54766938487869,0.000365218059986017,0.0156287578659459,"SERPINE1;PLAUR;TIMP1;RELA;SPP1;ANXA2;SERPINA3;ITGA6","signature"
"pathway_KEGG","hsa05134","Legionellosis",50,6,5.12210526315789,0.00101640216697951,0.0156816334333982,"CXCL2;CD14;HSPA1A;NFKB2;RELA;CASP3","signature"
"pathway_Reactome","R-HSA-2559583","Cellular Senescence",125,10,4.15822222222222,0.000141988433748907,0.016205613238542,"FOS;JUN;CDKN1A;RELA;CEBPB;MAP2K3;STAT3;PHC2;ETS2;HMGA1","signature"
"pathway_Reactome","R-HSA-844456","The NLRP3 inflammasome",15,4,13.8607407407407,0.000153214800330925,0.016393983635409,"NFKB2;RELA;PSTPIP1;HSP90AB1","signature"
"pathway_Reactome","R-HSA-5626467","RHO GTPases activate IQGAPs",28,5,9.28174603174603,0.000171061235116898,0.0170653963739136,"TUBB6;TUBA1C;TUBB4B;TUBB2A;TUBB2B","signature"
"pathway_Reactome","R-HSA-109606","Intrinsic Pathway for Apoptosis",44,6,7.08787878787879,0.000179425896454699,0.0170653963739136,"YWHAH;STAT3;BBC3;PMAIP1;SFN;CASP3","signature"
"drug_GLAD4U","PA164713161","Phenol and derivatives",134,10,3.64831685727208,0.00042039605995936,0.0175588679927212,"SERPINE1;JUN;MCL1;MAFF;RELA;NR4A1;STAT3;BBC3;PMAIP1;VASP","signature"
"pathway_KEGG","hsa05222","Small cell lung cancer",91,8,3.75245806824754,0.00123822573867671,0.0177145153799532,"MYC;BIRC3;CDKN1A;GADD45B;GADD45A;RELA;ITGA6;CASP3","signature"
"pathway_KEGG","hsa05203","Viral carcinogenesis",160,11,2.93453947368421,0.00125751189425594,0.0177145153799532,"EGR2;JUN;CDKN1A;NFKB2;YWHAH;RELA;STAT3;ATF4;PMAIP1;CASP3;CREB5","signature"
"pathway_Reactome","R-HSA-389958","Cooperation of Prefoldin and TriC/CCT  in actin and tubulin folding",29,5,8.96168582375479,0.000203503565921581,0.018336742360934,"TUBB6;TUBA1C;TUBB4B;TUBB2A;TUBB2B","signature"
"pathway_Reactome","R-HSA-190861","Gap junction assembly",30,5,8.66296296296296,0.000240430569820704,0.0205808567766523,"TUBB6;TUBA1C;TUBB4B;TUBB2A;TUBB2B","signature"
"drug_GLAD4U","PA164712966","Other Antineoplastic Agents",190,12,3.08762816131237,0.000530276093953508,0.0216449060168295,"MYC;EGR1;IRF1;MCL1;CDKN1A;DDIT3;NR4A1;STAT3;EIF4EBP1;PMAIP1;CASP3;DUSP1","signature"
"pathway_KEGG","hsa05160","Hepatitis C",117,9,3.2834008097166,0.00160612607135269,0.0216827019632613,"CLDN4;SOCS3;IRF1;CDKN1A;RELA;TNFRSF1A;STAT3;CLDN3;CLDN7","signature"
"drug_GLAD4U","PA164712981","Other Hematological Agents",164,11,3.27903600464576,0.000545411526901907,0.0217679800514628,"ADAMTS1;SERPINE1;PLAUR;HBEGF;THBD;THBS1;ANXA2;F2RL1;SERPINA3;PROCR;VASP","signature"
"drug_GLAD4U","PA164712466","Antiinflammatory/antirheumatic Agents In Combination",34,5,7.18933027756557,0.000587878471055014,0.0222484989401939,"CDKN1A;DDIT3;S100A9;RELA;VASP","signature"
"drug_GLAD4U","PA151958596","curcumin",51,6,5.75146422205246,0.000572696805633877,0.0222484989401939,"FOS;JUN;DDIT3;RELA;STAT3;CCL2","signature"
"drug_GLAD4U","PA451884","vitamin a",140,10,3.49196042053185,0.00059461467100741,0.0222484989401939,"MYC;KLF5;IRF1;DDIT3;CEBPB;NR4A1;GPRC5A;BHLHE40;ALDH1A2;PLSCR1","signature"
"drug_GLAD4U","PA166122986","radiotherapy",116,9,3.79299149126735,0.000613075599320001,0.0224710974771168,"MYC;IER5;HSPB1;RELB;BTG1;SPP1;STAT3;SPHK1;BBC3","signature"
"drug_GLAD4U","PA166049189","tolfenamic acid",9,3,16.2958152958153,0.000647841660219473,0.0232704724350835,"ELF3;ATF3;EGR1","signature"
"drug_GLAD4U","PA164713044","Other antithrombotic agents",94,8,4.16063369254859,0.000666278887796024,0.0234634682839541,"SERPINE1;PLAUR;S100A10;HBEGF;THBD;THBS1;ANXA2;PROCR","signature"
"pathway_Reactome","R-HSA-2559582","Senescence-Associated Secretory Phenotype (SASP)",48,6,6.49722222222222,0.000292685548013649,0.0238608408666365,"FOS;JUN;CDKN1A;RELA;CEBPB;STAT3","signature"
"pathway_Reactome","R-HSA-1445148","Translocation of SLC2A4 (GLUT4) to the plasma membrane",68,7,5.35065359477124,0.000312920753422485,0.0243509240845134,"TUBB6;YWHAH;TUBA1C;TUBB4B;TUBB2A;TUBB2B;SFN","signature"
"pathway_Reactome","R-HSA-6791312","TP53 Regulates Transcription of Cell Cycle Genes",49,6,6.36462585034014,0.000328265461484678,0.0244343682635552,"BTG2;CDKN1A;GADD45A;PLK2;PLK3;SFN","signature"
"pathway_KEGG","hsa05219","Bladder cancer",39,5,5.472334682861,0.00200042778818843,0.0259255441349221,"MYC;HBEGF;CDKN1A;RASSF1;THBS1","signature"
"pathway_Reactome","R-HSA-5660526","Response to metal ions",8,3,19.4916666666667,0.000365271607139173,0.026056041309261,"MT1F;CSRP1;MT2A","signature"
"pathway_Reactome","R-HSA-111453","BH3-only proteins associate with and inactivate anti-apoptotic BCL-2 members",9,3,17.3259259259259,0.000540165072073995,0.0264217886683051,"STAT3;BBC3;PMAIP1","signature"
"pathway_Reactome","R-HSA-622312","Inflammasomes",20,4,10.3955555555556,0.000504386146071401,0.0264217886683051,"NFKB2;RELA;PSTPIP1;HSP90AB1","signature"
"pathway_Reactome","R-HSA-8955332","Carboxyterminal post-translational modifications of tubulin",34,5,7.6437908496732,0.000441138029330101,0.0264217886683051,"TUBB6;TUBA1C;TUBB4B;TUBB2A;TUBB2B","signature"
"pathway_Reactome","R-HSA-8852276","The role of GTSE1 in G2/M progression after G2 checkpoint",73,7,4.9841704718417,0.000485195505510516,0.0264217886683051,"TUBB6;CDKN1A;TUBA1C;TUBB4B;TUBB2A;TUBB2B;HSP90AB1","signature"
"pathway_Reactome","R-HSA-166058","MyD88:MAL(TIRAP) cascade initiated on plasma membrane",93,8,4.47120669056153,0.000406248941333232,0.0264217886683051,"FOS;CD14;JUN;NFKB2;RELA;MAP2K3;IRAK3;DUSP6","signature"
"pathway_Reactome","R-HSA-168188","Toll Like Receptor TLR6:TLR2 Cascade",93,8,4.47120669056153,0.000406248941333232,0.0264217886683051,"FOS;CD14;JUN;NFKB2;RELA;MAP2K3;IRAK3;DUSP6","signature"
"pathway_Reactome","R-HSA-168179","Toll Like Receptor TLR1:TLR2 Cascade",95,8,4.37707602339181,0.000469328908387689,0.0264217886683051,"FOS;CD14;JUN;NFKB2;RELA;MAP2K3;IRAK3;DUSP6","signature"
"pathway_Reactome","R-HSA-181438","Toll Like Receptor 2 (TLR2) Cascade",95,8,4.37707602339181,0.000469328908387689,0.0264217886683051,"FOS;CD14;JUN;NFKB2;RELA;MAP2K3;IRAK3;DUSP6","signature"
"pathway_Reactome","R-HSA-168164","Toll Like Receptor 3 (TLR3) Cascade",96,8,4.33148148148148,0.000503724898209823,0.0264217886683051,"FOS;BIRC3;CD14;JUN;NFKB2;RELA;MAP2K3;DUSP6","signature"
"pathway_Reactome","R-HSA-166166","MyD88-independent TLR4 cascade",97,8,4.28682703321879,0.000540137052125855,0.0264217886683051,"FOS;BIRC3;CD14;JUN;NFKB2;RELA;MAP2K3;DUSP6","signature"
"pathway_Reactome","R-HSA-937061","TRIF(TICAM1)-mediated TLR4 signaling",97,8,4.28682703321879,0.000540137052125855,0.0264217886683051,"FOS;BIRC3;CD14;JUN;NFKB2;RELA;MAP2K3;DUSP6","signature"
"drug_GLAD4U","PA452639","infliximab",36,5,6.78992303992304,0.000770460682021135,0.0266105266328838,"S100A9;TNFRSF1A;SPP1;ZFP36;BBC3","signature"
"pathway_Reactome","R-HSA-168643","Nucleotide-binding domain, leucine rich repeat containing receptor (NLR) signaling pathways",54,6,5.77530864197531,0.000560001472950877,0.0266311811581084,"BIRC3;NFKB2;RELA;PSTPIP1;TNFAIP3;HSP90AB1","signature"
"pathway_Reactome","R-HSA-168898","Toll-like Receptor Cascades",150,10,3.46518518518519,0.000619424150550607,0.0286609228579092,"FOS;BIRC3;CD14;JUN;NFKB2;S100A9;RELA;MAP2K3;IRAK3;DUSP6","signature"
"pathway_Reactome","R-HSA-166016","Toll Like Receptor 4 (TLR4) Cascade",126,9,3.71269841269841,0.000705715195718382,0.031794326712365,"FOS;BIRC3;CD14;JUN;NFKB2;RELA;MAP2K3;IRAK3;DUSP6","signature"
"drug_GLAD4U","PA164712461","Antiinflammatory And Antirheumatic Products",38,5,6.43255866940078,0.000992341036869515,0.0324044454948664,"SBNO2;RELB;NFKB2;RELA;CCL2","signature"
"drug_GLAD4U","PA166122526","bnp-32",38,5,6.43255866940078,0.000992341036869515,0.0324044454948664,"GDF15;LGALS3;EDN1;LCN2;ADM","signature"
"drug_GLAD4U","PA164781045","nesiritide",38,5,6.43255866940078,0.000992341036869515,0.0324044454948664,"GDF15;LGALS3;EDN1;LCN2;ADM","signature"
"drug_GLAD4U","PA164712462","Antiinflammatory agents, non-steroids",101,8,3.87227294157987,0.0010706589935694,0.0343375634366185,"MYC;RASD1;ANXA1;RELA;EMP1;CEBPB;DUSP1;SLC25A25","signature"
"drug_GLAD4U","PA164713205","Proteinase inhibitors",327,16,2.39204628195454,0.00112219570691163,0.0353590085897069,"SERPINE1;BIRC3;PLAUR;HBEGF;JUN;MCL1;THBD;TIMP1;RELA;SPHK1;F2RL1;PMAIP1;TNFAIP3;SERPINA3;CASP3;ADAMTS4","signature"
"pathway_KEGG","hsa05145","Toxoplasmosis",104,8,3.2834008097166,0.00290634434789716,0.0362175218737954,"BIRC3;HSPA1A;RELA;TNFRSF1A;MAP2K3;STAT3;ITGA6;CASP3","signature"
"pathway_Reactome","R-HSA-3371571","HSF1-dependent transactivation",23,4,9.03961352657005,0.000881221535550036,0.0367963724112601,"DNAJB1;HSPA1A;HSPB8;HSP90AB1","signature"
"pathway_Reactome","R-HSA-112409","RAF-independent MAPK1/3 activation",23,4,9.03961352657005,0.000881221535550036,0.0367963724112601,"DUSP5;DUSP10;DUSP1;DUSP6","signature"
"pathway_Reactome","R-HSA-6783589","Interleukin-6 family signaling",23,4,9.03961352657005,0.000881221535550036,0.0367963724112601,"SOCS3;LIF;STAT3;CLCF1","signature"
"pathway_Reactome","R-HSA-190828","Gap junction trafficking",40,5,6.49722222222222,0.000950398823919896,0.0387400663464491,"TUBB6;TUBA1C;TUBB4B;TUBB2A;TUBB2B","signature"
"drug_GLAD4U","PA164713235","Respiratory System",300,15,2.44437229437229,0.00128772190282711,0.0398749747840947,"SERPINE1;ICAM1;EGR1;EDN1;HBEGF;JUN;IRF1;RELA;ADM;F2RL1;SLC7A1;KLF2;CCL20;DUSP1;VASP","signature"
"drug_GLAD4U","PA164712599","Cardiac Therapy",211,12,2.78032867606327,0.00132857417707521,0.0404426986784252,"GDF15;SERPINE1;LGALS3;EDN1;LMNA;LCN2;ADM;BAG3;KLF2;ANGPTL4;CX3CL1;SLC19A2","signature"
"pathway_Reactome","R-HSA-380994","ATF4 activates genes",24,4,8.66296296296296,0.00104171735406888,0.0409551060645897,"ATF3;DDIT3;ATF4;CCL2","signature"
"pathway_Reactome","R-HSA-381340","Transcriptional regulation of white adipocyte differentiation",83,7,4.38366800535475,0.00105258450166001,0.0409551060645897,"EGR2;KLF5;KLF4;RELA;CEBPB;ANGPTL4;CEBPD","signature"
"pathway_Reactome","R-HSA-157858","Gap junction trafficking and regulation",42,5,6.18783068783069,0.00119116709313416,0.0443321318140366,"TUBB6;TUBA1C;TUBB4B;TUBB2A;TUBB2B","signature"
"pathway_Reactome","R-HSA-437239","Recycling pathway of L1",42,5,6.18783068783069,0.00119116709313416,0.0443321318140366,"TUBB6;TUBA1C;TUBB4B;TUBB2A;TUBB2B","signature"
"pathway_Reactome","R-HSA-5357801","Programmed Cell Death",164,10,3.16937669376694,0.00123268052316372,0.0449010437373679,"BIRC3;CD14;LMNA;YWHAH;STAT3;BBC3;VIM;PMAIP1;SFN;CASP3","signature"
"pathway_Reactome","R-HSA-5620924","Intraflagellar transport",43,5,6.04392764857881,0.00132718310156266,0.0473361972890681,"TUBB6;TUBA1C;TUBB4B;TUBB2A;TUBB2B","signature"
