"series","species","platform","input_files","submitter_processing","log2_transformation","gene_symbols","duplicated_symbols","gene_filter","model","sample_selection","samples_in_geo","reference","injury","genes_analysed"
"GSE30718","human","GPL570","GSE30718_series_matrix.txt.gz; GPL570.soft.gz","Microarray data files were preprocessed using robust multi-chip averaging (RMA) implemented in Bioconductor.","none (values already log-transformed)","column Gene Symbol","first symbol of probes annotated to several genes; probe with the highest mean expression kept for each symbol","values in at least 70% of samples and not all zero","limma: expression ~ group","Acute kidney injury biopsies (injury) and pristine protocol biopsies (reference); nephrectomy samples and later biopsies of the same patient (the earliest was kept) excluded",47,11,26,22880
"GSE43974","human","GPL10558","GSE43974_series_matrix.txt.gz; GPL10558.soft.gz","The raw data files were processed using GenomeStudio Software and further analyzed using Genespring GX 12.0 software (Agilent, Santa Clara, USA). Data normalization was performed using the default GeneSpring GX 12.0 median shift normalization to the 75 percentile (applying a log2 transformation) and baseline transformation using the median of all samples.","none (values already log-transformed)","column ILMN_Gene","first symbol of probes annotated to several genes; probe with the highest mean expression kept for each symbol","values in at least 70% of samples and not all zero","limma: expression ~ group","Deceased-donor biopsies at the end of cold ischemia (T2, reference) and after reperfusion (T3, injury); biopsies taken before organ retrieval (T1) and living-donor biopsies excluded",554,163,169,34694
"GSE126805","human","GPL21290 (RNA-seq)","GSE126805_all.gene_counts.txt.gz (GEO supplementary file; raw gene counts)","Reads were aligned to the Ensemble top-level assemby with STAR, version 2.0.4b | Gene counts were derived from the number of uniquely aligned unambiguous reads by Subread:featureCount version 1.4.5 | Transcript counts were produced by Sailfish version 0.6.3 | Genome_build: GRCh38.p12 | Supplementary_files_format_and_content: Gene-level and transcript counts were imported into the R/Bioconductor package EdgeR and TMM normalization size factors were calculated to adjust for samples for differences in library size.","not applicable (counts)","column external_gene_name","counts of rows with the same symbol summed","at least 10 counts in at least 16 of the 82 samples (20%, rounded down)","DESeq2: counts ~ kidney + group","Biopsies before (reference) and after (injury) reperfusion of the kidneys with both; 3-month and 1-year biopsies, and post-reperfusion biopsies without a pre-reperfusion biopsy, excluded",163,41,41,16862
"GSE39548","mouse","GPL7202","GSE39548_series_matrix.txt.gz; GPL7202.soft.gz","The scanned images were analyzed with Feature Extraction Software version 9.5.3.1 (Agilent) using default parameters (protocol GE1-v5_95 Feb07 and Grid: 014868_D_F_20090416) to obtain background subtracted and spatially detrended Processed Signal intensities.  Features flagged in Feature Extraction as Feature Non-uniform outliers were excluded.","none (values already log-transformed)","column GENE_SYMBOL","first symbol of probes annotated to several genes; probe with the highest mean expression kept for each symbol","values in at least 70% of samples and not all zero","limma: expression ~ group","Naive controls (reference) and IRI (injury), both without a protective manoeuvre; hemin-treated and ischemic preconditioning groups excluded",20,4,4,14330
"GSE98622","mouse","GPL13112 (RNA-seq)","GSE98622_mouse-iri-master.xlsx, Sheet1 (GEO supplementary file; FPKM values, as stated in the original article)","RNA-seq samples were aligned to mm10 genome assembly with STAR aligner (version 2.5.0b). The mapping index was generated using GENCODE release M4 (GRCm38.p3) gene annotations. In addition to read mapping, STAR was also used to remove duplicates, generate read-count tables and wiggle files. Differentially-expressed genes were called for each time point with DESeq2. | Genome_build: mm10","log2(x + 1) applied (values on a linear scale)","column symbol","row with the highest mean expression kept for each symbol","values in at least 70% of samples and not all zero","limma with intensity trend: expression ~ group","Sham at 4 and 24 h (reference) and IRI at 2, 4, 24, 48 and 72 h (injury); later time points (7 days to 12 months) and normal or aged controls excluded",49,6,15,29325
"GSE34351","mouse","GPL1261","GSE34351_series_matrix.txt.gz; GPL1261.soft.gz","The data were analyzed with Microarray Suite version 5.0(MAS5.0) using Affymetrix default analysis and global scaling as normalization method.","log2(x + 1) applied (values on a linear scale)","column Gene Symbol","first symbol of probes annotated to several genes; probe with the highest mean expression kept for each symbol","values in at least 70% of samples and not all zero","limma: expression ~ group","Wild-type sham (reference) and ischemic (injury) kidneys, 4 h after reperfusion; TLR4-deficient mice excluded",12,3,3,21495
"GSE27274","rat","GPL6101","GSE27274_series_matrix.txt.gz; GPL6101.soft.gz","The data were normalised using quantile normalisation with IlluminaGUI in R","none (values already log-transformed)","column ILMN_Gene","first symbol of probes annotated to several genes; probe with the highest mean expression kept for each symbol","values in at least 70% of samples and not all zero","limma: expression ~ tissue + group; rat as a random block (duplicateCorrelation), cortex and medulla paired by replicate number","Sham (reference) and IRI at 6, 24 and 120 h (injury), cortex and medulla of three rats per time point; no sample excluded",24,6,18,21791
"GSE58438","rat","GPL11534","GSE58438_series_matrix.txt.gz; GPL11534.soft.gz","Microarray data was processed for background adjustment, normalization, and summarization using the interPLIER gene level method (background = PM-GCBG, normalization method = Sketch-Quantile) in Affymetrix Expression Console software (Version 1.1).","log2(x + 1) applied (values on a linear scale)","column gene_assignment","first symbol of probes annotated to several genes; probe with the highest mean expression kept for each symbol","values in at least 70% of samples and not all zero","limma: expression ~ group","Uninjured controls (reference) and saline-treated IRI at 3, 24 and 120 h (injury); valproic acid and dexamethasone groups excluded",46,5,14,18784
"GSE148420","rat","GPL14746","GSE148420_series_matrix.txt.gz; GPL14746.soft.gz","Data acquisition and normalization were used Feature Extraction Software","none (values already log-transformed)","column GENE_SYMBOL","first symbol of probes annotated to several genes; probe with the highest mean expression kept for each symbol","values in at least 70% of samples and not all zero","limma: expression ~ group","Sham (reference) and unilateral IRI at 3 and 7 days (injury); no sample excluded",12,4,8,19297
