"series","organism","samples","geo_title","decision","criterion_not_met"
"GSE27274","Rattus norvegicus",24,"Fibrinogen is upregulated following kidney damage and protects it against ischemia-reperfusion injury","Included in derivation",""
"GSE34351","Mus musculus",12,"Gene expression profile on ischemic kidneys from wildtype C57BL/10 and TLR4 null C57BL/10ScNJ mice","Included in derivation",""
"GSE39548","Mus musculus",20,"Transcriptome Analysis of Renal Ischemia/Reperfusion Injury and its Modulation by Ischemic Pre-Conditioning or Hemin treatment","Included in derivation",""
"GSE58438","Rattus norvegicus",46,"Renoprotective Effects of Valproic Acid and Dexamethasone in Acute Kidney Ischemia-Reperfusion Injury","Included in derivation",""
"GSE98622","Mus musculus",49,"Transcriptome profile of a murine renal bilateral ischemia reperfusion model 2 hours to 12 months post injury","Included in derivation",""
"GSE148420","Rattus norvegicus",12,"Immunohistochemical Investigation for Renal Tubules in Adaptive and Maladaptive Repair Process after Renal Tubular Injury in the Kidney of Rats","Included in derivation",""
"GSE267650","Mus musculus",57,"Mouse kidney ischemia-reperfusion injury time course","Reserved for external evaluation",""
"GSE9943","Rattus norvegicus",12,"Differential Gene Expression Between Brown Norway and Sprague Dawley Rats in Response to Renal Ischemia Reperfusion","Eligible, not included",""
"GSE14373","Sus scrofa",18,"Ischemia reperfusion injury (IRI) in organ transplantation and the effects of carbon monoxide treatment","Eligible, not included",""
"GSE52004","Mus musculus",57,"Acute cellular injury responses in mouse renal ischemic reperfusion injury","Eligible, not included",""
"GSE131288","Mus musculus",12,"Renal ischemia reperfusion in conditional HDAC2 knockout mice","Eligible, not included",""
"GSE131454","Mus musculus",6,"Identification of LncRNAs and mRNAs involved in renal ishchemia reperfusion injury","Eligible, not included",""
"GSE142077","Homo sapiens",15,"RNA-Seq identifies condition-specific biological signatures of ischemia-reperfusion injury in the human kidney","Eligible, not included",""
"GSE152972","Mus musculus",12,"Blockade of the G-CSFR or C5 in a murine model of unilateral warm renal ischemia-reperfusion injury (IRI).","Eligible, not included",""
"GSE181842","Mus musculus",9,"ACSL4 effect on renal ischemia-reperfusion (I/R) injury","Eligible, not included",""
"GSE182793","Mus musculus",12,"Next Generation Sequencing of kidneys 24hours after ischemia-reperfusion injury performed in conscious mice or under anesthesia","Eligible, not included",""
"GSE185383","Mus musculus",14,"Angiopoietin-Tie2 signaling protects the kidney from ischemia-reperfusion injury in mice","Eligible, not included",""
"GSE192532","Mus musculus",12,"Development of gene expression signatures for mice with renal ischemia repurfusion injury.","Eligible, not included",""
"GSE192883","Mus musculus",27,"No safe renal warm ischemia time-The molecular network characteristics and pathological features of mild to severe ischemia reperfusion kidney injury","Eligible, not included",""
"GSE207430","Mus musculus",18,"Effect of tubular IKKb deletion in acute ischemic kidney injury","Eligible, not included",""
"GSE212678","Mus musculus",12,"Effect of Kidney-specific deletion of ALR  on gene expression in ischemia reperfusion induced AKI","Eligible, not included",""
"GSE232751","Mus musculus",8,"RNA-seq results in the kidney of female Tet1 knockout mice treated with or without ischemia reperfusion","Eligible, not included",""
"GSE253286","Mus musculus",21,"Effects of renal ischemia-reperfusion injury in Azin1 A-to-I locked and uneditable mice","Eligible, not included",""
"GSE259281","Sus scrofa",30,"Temporal and sex‑dependent gene expression patterns in a renal ischemia–reperfusion injury and recovery pig model","Eligible, not included",""
"GSE260758","Mus musculus",16,"PARP 1 inhibition mediates a switch from cell death to transient senescence improving repair from acute oxidative injury","Eligible, not included",""
"GSE264448","Mus musculus",12,"DNA-binding protein-A promotes renal ischemia/reperfusion injury and participates in mitochondrial function","Eligible, not included",""
"GSE283374","Mus musculus",10,"Dietary methionine deprivation enhances renal resilience against ischemia-reperfusion injury through modulation of glucose oxidation","Eligible, not included",""
"GSE286496","Mus musculus",8,"Effects of UTX Knockout on Gene Expression in an Ischemia-Reperfusion-Induced Acute Kidney Injury Model","Eligible, not included",""
"GSE286507","Mus musculus",12,"Transcriptomic analysis of RNA (mRNA/ lncRNA/ circRNA) expression and epitranscriptomic profiling of N4-acetylcytidine-related RNA (mRNA/ lncRNA/ circRNA) acetylation in renal cortex from mice with ischemia reperfusion injury","Eligible, not included",""
"GSE294969","Mus musculus",30,"Enhanced Expression of the Female-Biased Gene Gsta2 in Male Proximal Tubule Cells Improves Renal Resilience to Ischemia-Reperfusion Injury","Eligible, not included",""
"GSE297154","Rattus norvegicus",24,"Gene expression profiles in failed-repair renal tubular epithelial cells of rats treated with ischemia/reperfusion operation or cisplatin administration","Eligible, not included",""
"GSE298469","Mus musculus",17,"Inhibition of methylthioadenosine phosphorylase provides protection from experimental acute kidney injury","Eligible, not included",""
"GSE329114","Rattus norvegicus",9,"Exploring the Mechanism of Rapamycin in Attenuating Renal Ischemia-Reperfusion Injury","Eligible, not included",""
"GSE334847","Mus musculus",12,"Hypoxic preconditioning attenuates renal ischemia–reperfusion injury by suppressing the IL-17A/IL-17RA/TRAF6 inflammatory axis","Eligible, not included",""
"GSE62732","Mus musculus",8,"Gene Expression Profiling of Fibroblasts in Actute Kidney Injury","Excluded","Kidney tissue profiling"
"GSE75808","Mus musculus",25,"Differential Ly6C Expression after Renal Ischemia-Reperfusion Identifies Unique Macrophage Populations","Excluded","Kidney tissue profiling"
"GSE88925","Rattus norvegicus",18,"Impaired post-ischemic angiogenesis in rats with chronic kidney disease","Excluded","Kidney tissue profiling"
"GSE116094","Mus musculus",21,"Kidney-resident macrophages promote a proangiogenic environment in the normal and chronically ischemic mouse kidney","Excluded","Kidney tissue profiling"
"GSE133184","Mus musculus",8,"Cell-Specific Image-guided Transcriptomics of Ischemic Acute Kidney Injury","Excluded","Kidney tissue profiling"
"GSE138995","Mus musculus",2,"Expression data from livers of male wild-type mice subjected to warm bilateral renal artery ischemia-reperfusion injury (RIR) in comparison to livers of male wild type mice subjected to sham surgery.","Excluded","Kidney tissue profiling"
"GSE138996","Mus musculus",2,"Expression data from livers of female wild-type mice subjected to warm bilateral renal artery ischemia-reperfusion injury (RIR) in comparison to livers of female wild type mice subjected to sham surgery.","Excluded","Kidney tissue profiling"
"GSE139318","Rattus norvegicus",1,"Autologous adipose-derived cells transiently moderate inflammation and fibrogenesis in early renal ischemia reperfusion injury","Excluded","Kidney tissue profiling"
"GSE140010","Mus musculus",1,"The effect of age on interstitial cells following renal ischemia reperfusion injury","Excluded","Kidney tissue profiling"
"GSE140988","Mus musculus",15,"Epigenetic changes of pericytes after ischemia-reperfusion renal injury","Excluded","Kidney tissue profiling"
"GSE144622","Mus musculus",24,"Sex Diversity in Proximal Tubule and Endothelial Gene Expression in Mice with Ischemic Acute Kidney Injury","Excluded","Kidney tissue profiling"
"GSE159701","Mus musculus",28,"MiRNA-486-5p Protects Against Kidney Ischemic Injury and Modifies the Transcriptome in Proximal Tubule and Endothelium","Excluded","Kidney tissue profiling"
"GSE161758","Mus musculus",2,"Single cell RNA-seq analyses of kidney repair and how maladaptive repair leads to kidney atrophy following ischemia/reperfusion injury","Excluded","Kidney tissue profiling"
"GSE171406","Homo sapiens; Mus musculus",4,"Integration of spatial and single cell transcriptomics localizes epithelial-immune cross-talk in kidney injury","Excluded","Kidney tissue profiling"
"GSE171639","Mus musculus",3,"Single cell RNASeq of whole mouse kidneys from Uromodulin/Tamm horsfall protein knock-out mice","Excluded","Kidney tissue profiling"
"GSE179506","Mus musculus",9,"High-throughput Sequencing contributes to Quantitative Analysis of Renal Ischemic-Reperfusion-Injury Transcriptomes","Excluded","Kidney tissue profiling"
"GSE183448","Sus scrofa",60,"Cellular Recovery After Prolonged Warm Ischemia of the Whole Body","Excluded","Kidney tissue profiling"
"GSE188628","Mus musculus",12,"Glutamine attenuates renal ischemia-reperfusion injury and prevents acute kidney damage","Excluded","Kidney tissue profiling"
"GSE193649","Mus musculus",6,"Single-Cell versus Single-Nucleus: Transcriptome differences in murine kidney after ischemia-reperfusion injury","Excluded","Kidney tissue profiling"
"GSE199875","Mus musculus",6,"Hypoxia-inducible factor 2α attenuates renal ischemia-reperfusion injury by suppressing CD36-mediated lipid accumulation in dendritic cells","Excluded","Kidney tissue profiling"
"GSE206091","Mus musculus",21,"Remote ischemic preconditioning causes transient cell-cycle arrest and renal protection by a NF-kB-dependent Sema5B pathway","Excluded","Kidney tissue profiling"
"GSE208526","Rattus norvegicus",4,"Single cell transcriptome analysis of sham and bilateral renal ischemia-reperfusion injury (IRI)","Excluded","Kidney tissue profiling"
"GSE212273","Mus musculus",4,"Analyze the mechanism of polyploidization of proximal tubular cells (PTC) in the unilateral ischemia reperfusion injury model of acute kidney injury (AKI) in mice","Excluded","Kidney tissue profiling"
"GSE217103","Homo sapiens",10,"Inhibition of BRD4 Attenuates ER Stress-induced Renal Ischemic-Reperfusion Injury","Excluded","Kidney tissue profiling"
"GSE217696","Mus musculus",11,"Regulatory role and mechanisms of lymphoid IKK1 in kidney ischemia-reperfusion injury","Excluded","Kidney tissue profiling"
"GSE217751","Mus musculus",2,"Activation of the Aryl Hydrocarbon Receptor in Muscle Exacerbates Ischemic Pathology in Chronic Kidney Disease","Excluded","Kidney tissue profiling"
"GSE224295","Mus musculus",9,"ST2+ T-regulatory Cells in Renal Inflammation and Fibrosis following Ischemic Kidney Injury","Excluded","Kidney tissue profiling"
"GSE233511","Mus musculus",6,"Single cell and spatial transcriptomics analysis of kidney double negative T lymphocytes in normal and ischemic mouse kidneys [scRNA-Seq]","Excluded","Kidney tissue profiling"
"GSE233512","Mus musculus",4,"Single cell and spatial transcriptomics analysis of kidney double negative T lymphocytes in normal and ischemic mouse kidneys [spatial transcriptomics]","Excluded","Kidney tissue profiling"
"GSE233513","Mus musculus",10,"Single cell and spatial transcriptomics analysis of kidney double negative T lymphocytes in normal and ischemic mouse kidneys","Excluded","Kidney tissue profiling"
"GSE239905","Mus musculus",2,"Effects of Poly (ADP-ribose) Polymerase Inhibitor Treatment on the Repair Process of Ischemic Acute Kidney Injury","Excluded","Kidney tissue profiling"
"GSE244064","Mus musculus",2,"Single cell RNA sequencing of ischemia reperfused kidneys from Cre- and endothelial cell specific prolylhydroxylase 1, 2, and 3 knockout mice","Excluded","Kidney tissue profiling"
"GSE247263","Mus musculus",9,"Calycosin inhibited MIF-mediated inflammatory chemotaxis of macrophages to ameliorate ischemia reperfusion-induced acute kidney injury","Excluded","Kidney tissue profiling"
"GSE249928","Mus musculus",4,"Gene expression profile of kidney and lung cells at 24 hours after the onset of renal bilateral ischemia-reperfusion injury","Excluded","Kidney tissue profiling"
"GSE252111","Mus musculus; Homo sapiens",31,"Mouse kidneys with ischemia-reperfusion injury; Human kidneys with acute kidney injury; RELA binding sites in primary human proximal tubular cells","Excluded","Kidney tissue profiling"
"GSE252904","Mus musculus; Mus",12,"Gene expression of Aif-1 knock out and wild type mice-kidney macrophages after ischemic injury","Excluded","Kidney tissue profiling"
"GSE260898","Mus musculus",6,"Renal denervation attenuates cardiac inflammatory responses via renal afferent nerve-splenic nerve axis after myocardial ischemic injury","Excluded","Kidney tissue profiling"
"GSE263369","Mus musculus",2,"Gene expression in kidney cells after unilateral ischemia-reperfusion","Excluded","Kidney tissue profiling"
"GSE267242","Mus musculus",5,"Single-cell sequencing reveals Mincle receptor mediated inflammation for resolution in ischemic kidney injury","Excluded","Kidney tissue profiling"
"GSE272380","Mus musculus",5,"ST2+ T-regulatory Cells in Renal Inflammation and Fibrosis following Ischemic Kidney Injury","Excluded","Kidney tissue profiling"
"GSE274819","Mus musculus",10,"Single-cell RNA sequencing of murine kidneys for ischemia-reperfusion induced renal injury and fibrosis","Excluded","Kidney tissue profiling"
"GSE274962","Mus musculus",6,"HNF3α targets Nckap1l and promotes renal fibrosis following ischemia-reperfusion injury","Excluded","Kidney tissue profiling"
"GSE282997","Mus musculus",6,"tRF-Val-TAC-004 protects against renal ischemia-reperfusion injury via attenuating Apaf1-mediated apoptosis","Excluded","Kidney tissue profiling"
"GSE287205","Homo sapiens",8,"DEF6 regulates renal ischemia reperfusion injury through suppressing the WWP2 mediated ubiquitination of PARP1","Excluded","Kidney tissue profiling"
"GSE294712","Mus musculus",2,"Endothelial Prolyl Hydroxylase 3 Mitigates Maladaptive Inflammation to Promote Post-Ischemic Kidney Repair","Excluded","Kidney tissue profiling"
"GSE294923","Mus musculus",14,"Nfkb1 removal from proximal tubule cells improves renal tubular outcomes following ischemia reperfusion injury","Excluded","Kidney tissue profiling"
"GSE298223","Mus musculus",6,"Pulmonary endothelial cells endocytosis of HMGB1 promotes lung injury after renal ischemia-reperfusion injury","Excluded","Kidney tissue profiling"
"GSE299312","Mus musculus",6,"Nociceptive sensory nerves induce an IL4Rαhi anti-inflammatory macrophage subset that protects against kidney ischemia-reperfusion injury [DRG_RNAseq]","Excluded","Kidney tissue profiling"
"GSE299314","Mus musculus",6,"Nociceptive sensory nerves induce an IL4Rαhi anti-inflammatory macrophage subset that protects against kidney ischemia-reperfusion injury [BMDM_RNAseq]","Excluded","Kidney tissue profiling"
"GSE299409","Mus musculus",8,"Effect of the SYK Inhibitor Entospletinib on Renal Inflammation and the Transition from Acute Kidney Injury to Chronic Kidney Disease Induced by Ischemia-Reperfusion Injury","Excluded","Kidney tissue profiling"
"GSE302256","Mus musculus",6,"USAG-1 aggravates renal ischemia‒reperfusion injury via promoting GPX4 degradation‒induced ferroptosis","Excluded","Kidney tissue profiling"
"GSE304245","Mus musculus",1,"Arginase-1 dependent Insulin-like Growth Factor-1 from myofibroblasts and endothelial cells facilitates kidney tubular proliferation after ischemic injury","Excluded","Kidney tissue profiling"
"GSE305908","Mus musculus",4,"Clusterin marks maladaptive regenerative responses throughout the kidney following ischemia reperfusion.","Excluded","Kidney tissue profiling"
"GSE306859","Mus musculus",6,"Trem2 activation by renal tubular debris sustains Arg1+ macrophage survival and promotes tubular epithelial repair in renal ischemia–reperfusion injury","Excluded","Kidney tissue profiling"
"GSE310601","Rattus norvegicus",12,"Fibroblast histone deacetylase-1 promotes kidney interstitial fibrosis following ischemia-reperfusion injury.","Excluded","Kidney tissue profiling"
"GSE6110","Rattus norvegicus",12,"Increased Susceptibility of Aging Kidney to Ischemic Injury:  Identification of Molecular Pathways using Microarray","Excluded","IRI-associated injury and reference comparison"
"GSE6698","Mus musculus",10,"Expression data from spec. transcrip. activity of contralateral mouse kidneys in response to Ischemia-Reperfusion-Injury","Excluded","IRI-associated injury and reference comparison"
"GSE36671","Rattus norvegicus",4,"Expression data from an ex vivo ischaemia reperfusion model of renal deceased by cardiac death (DCD) donation in rat","Excluded","IRI-associated injury and reference comparison"
"GSE39766","Mus musculus",6,"Blockade of TNFα after ischemia reperfusion injury ameliorates renal prognosis","Excluded","IRI-associated injury and reference comparison"
"GSE41137","Homo sapiens",140,"Impact of Ischemia and Procurement Conditions on Gene Expression in Renal Cell Carcinoma","Excluded","IRI-associated injury and reference comparison"
"GSE52982","Mus musculus",19,"Effects of preoperative fasting on renal ischemia-reperfusion injury in young-lean and aged overweight mice","Excluded","IRI-associated injury and reference comparison"
"GSE54417","Mus musculus",10,"mTORC1 maintains renal tubular homeostasis and is essential in response to ischemic stress","Excluded","IRI-associated injury and reference comparison"
"GSE65656","Mus musculus",36,"Dietary and protein-restriction protect against renal ischemia-reperfusion injury in mice","Excluded","IRI-associated injury and reference comparison"
"GSE72646","Sus scrofa",15,"The analysis of differential gene expression after remote ischemic preconditioning of renal ischemia reperfusion injury","Excluded","IRI-associated injury and reference comparison"
"GSE79418","Sus scrofa",6,"Gene expression signatures of ischemia on porcine kidney","Excluded","IRI-associated injury and reference comparison"
"GSE84563","Rattus norvegicus",9,"Kidney Hypothermic Perfusion with Mesenchymal Stromal Cells or Microvesicles Protects Rat Kidney from Ischemia By Upregulation of Cell Energy Metabolism and Ion Membrane Transport Key Genes","Excluded","IRI-associated injury and reference comparison"
"GSE109719","Sus scrofa",40,"Kinetic of gene expression signatures on ischemia porcine kidney","Excluded","IRI-associated injury and reference comparison"
"GSE138997","Mus musculus",2,"Expression data from kidneys of male EST KO mice in comparison to kidneys of male wild type mice subjected to warm bilateral renal artery ischemia-reperfusion injury","Excluded","IRI-associated injury and reference comparison"
"GSE153321","Mus musculus",6,"Expression data of kidneys from Wild-type (WT) or Mincle-deficient (KO) mouse subjected to renal ischemia-reperfusion injury.","Excluded","IRI-associated injury and reference comparison"
"GSE156516","Mus musculus",8,"Transcriptional signature of hypoxic preconditioning in a mouse model of ischemic acute kidney injury","Excluded","IRI-associated injury and reference comparison"
"GSE192576","Mus musculus",20,"Ischemia-reperfusion injury and immunosuppressants promote polyomavirus replication through common molecular mechanisms","Excluded","IRI-associated injury and reference comparison"
"GSE200717","Mus musculus",6,"Transcriptomic analysis revealed an important role of PPARα signaling in SHP-1 insufficiency leading to the development of renal ischemia-reperfusion injury","Excluded","IRI-associated injury and reference comparison"
"GSE250560","Mus musculus",8,"Ablation of macrophage transcriptional factor FoxO1 protects against ischemia-reperfusion injury-induced acute kidney injury","Excluded","IRI-associated injury and reference comparison"
"GSE252060","Mus musculus",6,"CD44 plays a key role in aggravating tubular cell apoptosis in renal ischemia-reperfusion injury through p65/ PGC-1α pathway","Excluded","IRI-associated injury and reference comparison"
"GSE293486","Mus musculus",6,"Tubular-specific ablation of Tiki2 exacerbates inflammation in ischemia/reperfusion-induced acute kidney injury by derepressing Wnt5a/Ror signaling","Excluded","IRI-associated injury and reference comparison"
"GSE301865","Mus musculus",6,"Effect of TNFSF14 deficiency on ischemia/reperfusion induced acute kidney injury in mice","Excluded","IRI-associated injury and reference comparison"
"GSE302105","Mus musculus",4,"Repurposing Zafirlukast Confers Renal Protection in Ischemia-Reperfusion Injury via Suppressing Macrophage METosis","Excluded","IRI-associated injury and reference comparison"
"GSE302163","Mus musculus",6,"Repurposing Zafirlukast Confers Renal Protection in Ischemia-Reperfusion Injury via Suppressing Macrophage METosis [RNA-Seq]","Excluded","IRI-associated injury and reference comparison"
"GSE304219","Mus musculus",11,"Increased Elmo1 Expression worsens the AKI-CKD transition via ROS","Excluded","IRI-associated injury and reference comparison"
"GSE309904","Mus musculus",12,"Acute kidney injury following fatty liver ischemia-reperfusion injury: indirect protection by hepatic ferroptosis inhibition","Excluded","IRI-associated injury and reference comparison"
"GSE334849","Mus musculus",48,"Nephrotoxicity modelled ex vivo in the founder strains of the BXD mouse consortium","Excluded","IRI-associated injury and reference comparison"
"GSE343974","Homo sapiens",37,"A comparative analysis of acellular versus red cell based subnormothermic machine perfusion in human kidney transplantation","Excluded","IRI-associated injury and reference comparison"
"GSE3219","Rattus norvegicus",36,"Ischemic vs. nephrotoxic acute renal failure, early time points (2h and 8h)","Excluded","Whole-transcriptome platform"
"GSE4441","Rattus norvegicus",10,"Gene expression profiling in rat renal allografts after prolonged cold ischemia","Excluded","Whole-transcriptome platform"
"GSE6748","Rattus norvegicus",4,"renal ischemia vs sham - 24h","Excluded","Whole-transcriptome platform"
"GSE6749","Rattus norvegicus",4,"renal ischemia vs sham - 7d","Excluded","Whole-transcriptome platform"
"GSE7040","Rattus norvegicus",8,"Effects of renal ischemia on angiogenic gene expression","Excluded","Whole-transcriptome platform"
"GSE236019","Mus musculus; Homo sapiens",14,"Hypermethylation suppresses microRNA-219a-2 to activate the ALDH1L2/GSH/PAI-1 pathway for fibronectin degradation in renal fibrosis","Excluded","Whole-transcriptome platform"
